{
  "$schema": "https://vega.github.io/schema/vega-lite/v5.json",
  "width": "container",
  "height": "container",
  "background": null,
  "config": {
    "style": {
      "cell": {
        "stroke": "transparent"
      }
    }
  },

  "projection": {"type": "equirectangular"},
  "data": {
    "url": "https://raw.githubusercontent.com/lee-jian-hui/FIT3179-project-vis-2/master/code/js/ne_110m_admin_0_countries.topojson",
    "format": {"type": "topojson", "feature": "ne_110m_admin_0_countries"}
  },
  "transform": [
    {
      "lookup": "properties.NAME",
      "from": {
        "data": {
          "url": "https://raw.githubusercontent.com/lee-jian-hui/FIT3179-project-vis-2/master/code/data/country_and_reactor_freq.csv"
        },
        "key": "Country",
        "fields": ["nuclear_reactor_freq"]
      }
    },
    {"calculate": "datum.nuclear_reactor_freq ", "as": "Nuclear Reactor Frequency"}
  ],

  "layer":[
    {
      "mark": {"type": "geoshape", "fill": "lightgray", "stroke": "white"},
      "encoding": {
        "tooltip": [
          {"field": "properties.NAME", "type": "nominal", "title": "Country"}
        ]
      }
    },
    {
      "mark": {"type": "geoshape"},
      "encoding": {
        "color": {
          "field": "Nuclear Reactor Frequency",
          "type": "quantitative",
          "scale": { 
            "type": "threshold", 
            "domain": [5, 25, 50, 100], 
            "range": ["#fdbe85", "#fd8d3c", "#e6550d", "#a63603", "#421500"] 
          },
          "legend": {
            "title": "Reactor Freq", 
            "type": "symbol", 
            "symbolType": "square", 
            "labelFontSize": 12, 
            "labelFontWeight":"bolder",
            "titleFontSize":18, 
            "titleFontWeight":"bold", 
            "titleAlign":"left"
          }
        },
        "tooltip": [
          {"field": "properties.NAME", "type": "nominal", "title": "Country"},
          {"field": "Nuclear Reactor Frequency", "type": "quantitative"}
        ]
      }
    },
    {
      "mark": { "type": "text", "fontWeight": "bold", "fontSize": 10},

      "encoding": {
        "text": { "field": "properties.NAME", "type": "nominal" },
        "opacity": {
            "condition": {
                "test": "datum['Country'] == 'United States of America' || datum['Country'] == 'France'  || datum['Country'] == 'Japan' ",
                "value": 1
            },
            "value": 0
        }
      }
    }
  ]
}