{
    "$schema": "https://vega.github.io/schema/vega-lite/v5.json",

    "repeat": {
      "row": ["Nuclear Warheads Count", "Share of Nuclear Energy of Global Energy Production", "GDP (per capita)"],
      "column": ["GDP (per capita)", "Share of Nuclear Energy of Global Energy Production", "Nuclear Warheads Count"]
    },

    "spec": {
      "data": {"url": "data/cars.json"},
      "mark": "point",
      "params": [
        {
          "name": "brush",
          "select": {
            "type": "interval",
            "resolve": "union",
            "on": "[mousedown[event.shiftKey], window:mouseup] > window:mousemove!",
            "translate": "[mousedown[event.shiftKey], window:mouseup] > window:mousemove!",
            "zoom": "wheel![event.shiftKey]"
          }
        },
        {
          "name": "grid",
          "select": {
            "type": "interval",
            "resolve": "global",
            "translate": "[mousedown[!event.shiftKey], window:mouseup] > window:mousemove!",
            "zoom": "wheel![!event.shiftKey]"
          },
          "bind": "scales"
        }
      ],
      "encoding": {
        "x": {"field": {"repeat": "column"}, "type": "quantitative"},
        "y": {
          "field": {"repeat": "row"},
          "type": "quantitative",
          "axis": {"minExtent": 30}
        },
        "color": {
          "condition": {
            "param": "brush",
            "field": "Origin",
            "type": "nominal"
          },
          "value": "grey"
        }
      }
    }
  }