{
  "$schema": "https://vega.github.io/schema/vega-lite/v5.json", 
  "title": "Countries that have Students entering Australia for higher studies",
  "width": 800,
  "height": 600,
  "params": [
      {
        "name": "Year_selection",
        "value": 2018,
        "bind": {
          "input": "range",
          "min": 2002,
          "max": 2021,
          "step": 1,
          "name": "Year:  "
        }
      },
      {
        "name": "zoom_level", "value": 120, "bind": {
          "input": "range", "min": 60, "max": 200, "step": 20, "name": "Zoom level: "
      }
      }
    ],
  "projection": {"type": "equirectangular","scale": {"expr": "zoom_level"}},
  "data": {
  "url": "https://raw.githubusercontent.com/AmarnathMonashUniversity/FIT3179_Amarnath_31227112/main/Assignment%202/js/ne_world_110m.json",
      "format": {"type": "topojson", "feature": "ne_110m_admin_0_countries"}
          },
          "layer":[
            {
              "transform": [
                {"calculate": "'Data is not available in ' + datum.properties.NAME", "as": "note"}
              ],
              "mark": {"type": "geoshape", "fill": "lightgray", "stroke": "white"},
              "encoding": {
                "tooltip": {
                  "field": "note"
                }
              }
            },
            {
            "data": {
              "url": "https://raw.githubusercontent.com/AmarnathMonashUniversity/FIT3179_Amarnath_31227112/main/Assignment%202/data/Map_1.csv"
                    },
    "transform": [
      {
        "lookup": "Nationality",
        "from": {
          "data": {
            "url": "https://raw.githubusercontent.com/AmarnathMonashUniversity/FIT3179_Amarnath_31227112/main/Assignment%202/js/ne_world_110m.json",
            "format": {
              "type": "topojson",
              "feature": "ne_110m_admin_0_countries"
            }
                  },
          "key": "properties.NAME"
              },
              "as": "geo"
      },
      {"calculate": "datum[Year_selection]", "as": "year"}
      
   ],
  "mark": {"type": "geoshape"},
  "encoding": {
    "shape": {
      "field": "geo",
      "type": "geojson"
    },
    "color": {
      "field": "year",
      "title": "Quantity of Students",
      "type": "quantitative",
      "scale": {
        "type": "threshold",
        "domain": [500, 1000, 15000, 20000],
        "range": ["#feebe2","#fbb4b9","#f768a1","#c51b8a","#7a0177"]
               }
              },
    "tooltip": [
    {"field": "Nationality", "type": "nominal", "title": "Nationality"},
    {"field": "year", "type": "quantitative","title":"No. of students travelled to Australia"} 
    ]
              } 
          } 
                  ],
                  "config": {}
}