{
  "$schema": "https://vega.github.io/schema/vega-lite/v5.json", 
  "title": "Countries that have Students entering Australia for higher studies",
  "width": 800,
  "height": 600,
  "projection": {"type": "equirectangular"},
  "data": {
  "url": "https://raw.githubusercontent.com/AmarnathMonashUniversity/FIT3179_Amarnath_31227112/main/Assignment%202/js/ne_world_110m.json",
      "format": {"type": "topojson", "feature": "ne_110m_admin_0_countries"}
          },
          "layer":[
            {
              "transform": [
                {"calculate": "'Data is not available in ' + datum.properties.NAME", "as": "note"}
              ],
              "mark": {"type": "geoshape", "fill": "lightgray", "stroke": "white"},
              "encoding": {
                "tooltip": {
                  "field": "note"
                }
              }
            },
          {
    "transform": [
      {
        "lookup": "properties.NAME",
        "from": {
          "data": {
            "url": "https://raw.githubusercontent.com/AmarnathMonashUniversity/FIT3179_Amarnath_31227112/main/Assignment%202/data/Map_1.csv"
                  },
          "key": "Nationality",
          "fields": ["2002"]
                } 
      },
      {"calculate": "datum['2002'] * 0.1", "as": "Scaled Students"}
      
   ],
  "mark": {"type": "geoshape"},
  "encoding": {
    "color": {
      "field": "2002",
      "title": "Quantity of Students",
      "type": "quantitative",
      "scale": {
        "type": "threshold",
        "domain": [500, 1000, 15000, 20000],
        "range": ["#feebe2","#fbb4b9","#f768a1","#c51b8a","#7a0177"]
               }
              },
    "tooltip": [
    {"field": "properties.NAME", "type": "nominal", "title": "Nationality"},
    {"field": "2002", "type": "quantitative","title":"No. of students travelled to Australia"} 
    ]
              } 
          } 
                  ]
}