{
    "$schema": "https://vega.github.io/schema/vega-lite/v5.json",
    "width": 800,
    "height": 500,
    "title": "Volcanic Eruptions In Human History",
    "projection": { "type": "equalEarth" },
    "layer": [{
            "data": {
                "url": "https://raw.githubusercontent.com/KaneSec/vega_lite/main/2_symbol_map/js/ne_110m_admin_0_countries.topojson",
                "format": { "type": "topojson", "feature": "ne_110m_admin_0_countries" }
            },
            "mark": { "type": "geoshape", "fill": "gray", "stroke": "white" }
        },
        {
            "data": {
                "url": "https://raw.githubusercontent.com/githubuser0099/fit3179-homework10/main/eruptions.csv"
            },
            "params": [{
                "name": "vei_highlight",
                "select": { "type": "point", "fields": ["vei"] },
                "bind": "legend"
            }],
            "mark": "circle",
            "encoding": {
                "longitude": { "field": "longitude", "type": "quantitative" },
                "latitude": { "field": "latitude", "type": "quantitative" },
                "size": { "value": 70 },
                "color": {
                    "title": "Volcanic Explosivity Index",
                    "field": "vei",
                    "type": "nominal",
                    "scale": { "domain": ["0", "1", "2", "3", "4", "5", "6", "7"], "range": ["#fcbba1", "#fcbba1", "#fc9272", "#fb6a4a", "#ef3b2c", "#cb181d", "#a50f15", "#67000d"] }
                },
                "opacity": {
                    "condition": { "param": "vei_highlight", "value": 1 },
                    "value": 0
                },
                "tooltip": [
                    { "field": "volcano_name", "type": "nominal", "title": "Volcano Name" },
                    { "field": "eruption_number", "type": "quantitative", "title": "Eruption Number" },
                    { "field": "vei", "type": "nominal", "title": "Volcanic Explosivity Index" }
                ]
            }
        },
        {
            "data": {
                "url": "https://raw.githubusercontent.com/githubuser0099/fit3179-homework10/main/eruptions.csv"
            },
            "mark": {
                "type": "text",
                "align": "right",
                "baseline": "middle",
                "font": "sans-serif",
                "dx": -12,
                "fontSize": 20,
                "fontWeight": "normal"
            },
            "encoding": {
                "longitude": { "field": "longitude", "type": "quantitative" },
                "latitude": { "field": "latitude", "type": "quantitative" },
                "text": { "field": "volcano_name", "type": "nominal" },
                "opacity": {
                    "condition": {
                        "test": "datum['volcano_name'] == 'Soputan' || datum['volcano_name'] == 'Krakatau' || datum['volcano_name'] == 'Mauna Loa' || datum['volcano_name'] == 'St. Helens' || datum['volcano_name'] == 'Fujisan' || datum['volcano_name'] == 'Blanco, Cerro' || datum['volcano_name'] == 'Santorini'",
                        "value": 0.8
                    },
                    "value": 0
                }
            }
        }
    ]
}