{
    "$schema": "https://vega.github.io/schema/vega-lite/v5.json",
    "title": "Median house price per suburb (2010-2020)",
    "width": "container",
    "height": 500,
    "params": [
        {
            "name": "Year_selection",
            "value": 2018,
            "bind": {
                "input": "range",
                "min": 2010,
                "max": 2020,
                "step": 1,
                "name": "Year:  "
            }
        },
        {
            "name": "zoom_level",
            "value": 30000,
            "bind": {
                "input": "range",
                "min": 3500,
                "max": 60000,
                "step": 100,
                "name": "Zoom: "
            }
        },
        {
            "name": "center_to",
            "value": [145, -37.95],
            "bind": {
                "input": "select",
                "options": [
                    [145, -37.95],
                    [144.3, -38.1],
                    [144.9, -36.7],
                    [147.1, -38.1]
                ],
                "labels": ["Melbourne CBD", "Geelong", "Bendigo", "Sale"],
                "name": "Map Centre: "
            }
        }
    ],
    "projection": {
        "type": "equirectangular",
        "center": { "expr": "center_to" },
        "scale": { "expr": "zoom_level" }
    },
    "layer": [{
            "data": {
                "url": "https://raw.githubusercontent.com/FIT3179/Vega-Lite/main/6_advanced_examples/data/VIC_LOCALITY_POLYGON_SHP.json",
                "format": { "type": "topojson", "feature": "VIC_LOCALITY_POLYGON_SHP" }
            },
            "transform": [{
                "calculate": "'Data is not available in ' + datum.properties.NAME",
                "as": "note"
            }],
            "mark": {
                "type": "geoshape",
                "fill": "#ddd",
                "stroke": "white",
                "strokeWidth": 1
            },
            "encoding": { "tooltip": { "field": "note" } }
        },
        {
            "data": {
                "url": "https://raw.githubusercontent.com/FIT3179/Vega-Lite/main/6_advanced_examples/data/house_price_by_suburb_long_format.csv"
            },
            "transform": [{
                    "lookup": "locality",
                    "from": {
                        "data": {
                            "url": "https://raw.githubusercontent.com/FIT3179/Vega-Lite/main/6_advanced_examples/data/VIC_LOCALITY_POLYGON_SHP.json",
                            "format": {
                                "type": "topojson",
                                "feature": "VIC_LOCALITY_POLYGON_SHP"
                            }
                        },
                        "key": "properties.NAME"
                    },
                    "as": "geo"
                },
                { "filter": "datum.year == Year_selection" }
            ],
            "mark": { "type": "geoshape", "stroke": "#fff", "strokeWidth": 0.5 },
            "encoding": {
                "shape": { "field": "geo", "type": "geojson" },
                "color": {
                    "field": "price",
                    "type": "quantitative",
                    "scale": {
                        "domain": [
                            400000,
                            1800000
                        ],
                        "scheme": "reds"
                    },
                    "legend": { "format": ".2s" }
                },
                "tooltip": [
                    { "field": "locality", "type": "nominal", "title": "Suburb" },
                    {
                        "field": "price",
                        "type": "quantitative",
                        "title": "Median Price",
                        "format": ","
                    },
                    { "field": "year", "type": "quantitative", "title": "Year" }
                ]
            }
        }
    ],
    "config": {}
}