{
  "$schema": "https://vega.github.io/schema/vega-lite/v4.json",
  "width": 800,
  "height": 600,
  "title": "Selected Countries GDP ",
  "data": {
    "url": "https://raw.githubusercontent.com/jackkang1994/FIT3179/main/gdp_data.csv"
  },
"transform": [
    {
      "filter": {
        "or": [
          {"field": "Country", "equal": "Australia"},
          {"field": "Country", "equal": "China"},
          {"field": "Country", "equal": "United States"},
          {"field": "Country", "equal": "Malaysia"},
          {"field": "Country", "equal": "Japan"}
        ]
      }
    }
  ],
  "encoding": {
    "x": {
      "field": "Year",
      "type": "ordinal"
    },
    "y": {
      "field": "GDP",
      "type": "quantitative"
    },
    "color": {
      "field": "Country",
      "type": "nominal",
      "legend": null
    }
  },
  "layer": [
    {
      "selection": {
        "country_highlight": {
          "type": "multi",
          "fields": ["Country"],
          "bind": "legend"
        }
      },
      "mark": "line",
      "encoding": {
        "color": {
          "field": "Country",
          "type": "nominal"

        },
        "opacity": {
          "condition": {"selection": "country_highlight", "value": 0.6},
          "value": 0.2
        }

      }
    },
    {
      "mark": {
        "type": "text",
        "align": "left"
      },
      "encoding": {
        "text": {"field": "Country", "type": "nominal"},
        "color": {"value": "black"},
        "opacity":{
          "condition": {"test": "datum['Year'] == 2016", "value": 1},
          "value": 0
        },
        "tooltip": [
          {"field": "Country", "type": "nominal"},
          {"field": "Year", "type": "ordinal"},
          {"field": "GDP", "type": "quantitative"}
        ]
      }

    }
      
  ]



}