{
  "$schema": "https://vega.github.io/schema/vega-lite/v4.json",
  "title": "Happiness Score in 2017",
  "width": 800,
  "height": 600,
  "data": {
    "url": "https://raw.githubusercontent.com/GohNgeeJuay/FIT3179/main/Assignment2/Happiness2017.csv"
  },
  "transform": [
    {"filter": "datum.Country == 'Afghanistan' || datum.Country == 'Australia'"},
    {
      "lookup": "Country",
      "from": {
        "data": {
          "url": "https://raw.githubusercontent.com/GohNgeeJuay/FIT3179/main/Assignment2/ne_110m.json",
    "format": {"type": "topojson", "feature": "ne_110m_admin_0_countries"}
        },
        "key": "properties.NAME"
      },
      "as": "geo"
    }
  ],
      "projection": {"type": "equalEarth"},
      "mark": "geoshape",
      "encoding": {
        "shape": {
          "field": "geo",
          "type": "geojson"},
        "color": {
          "field": "HappinessScore"
          }        
        }
 
}