{
  "$schema": "https://vega.github.io/schema/vega-lite/v4.json",
  "title": "Happiness Score in 2017",
  "width": 800,
  "height": 600,
  "data": {
    "url": "https://raw.githubusercontent.com/GohNgeeJuay/FIT3179/main/Assignment2/Happiness2017.csv"
  },
  "transform": [
    {"filter": "datum.Country == 'Afghanistan' || datum.Country == 'Australia'"},
    {
      "lookup": "Country",
      "from": {
        "data": {
          "url": "https://raw.githubusercontent.com/GohNgeeJuay/FIT3179/main/Assignment2/ne_110m.json",
    "format": {"type": "topojson", "feature": "ne_110m_admin_0_countries"}
        },
        "key": "properties.NAME"
      },
      "as": "geo"
    }
  ],

  "selection": {"pts": {"type": "multi"}},
  "vconcat": [
    {
      "width": 700,
      "height": 400,
      "autosize": {"type": "fit", "contains": "content"},
      "projection": {"type": "equalEarth"},
      "mark": {"type": "geoshape"},
      "encoding": {
        "shape": {
          "field": "geo",
          "type": "geojson"},
        "color": {
          "field": "HappinessScore",
          
          "scale": {
            "type": "threshold",
            "domain": [3, 4, 5, 6, 7],
            "range": [
              "#ffffcc",
              "#c7e9b4",
              "#7fcdbb",
              "#41b6c4",
              "#1d91c0",
              "#225ea8",
              "#0c2c84"
            ]
          },
          "type": "quantitative"
        },
        "tooltip": [
          {"field": "properties.NAME", "type": "nominal", "title": "Country"},
          {
            "field": "HappinessScore",
            "type": "quantitative",
            "format": ".2f",
            "title": "Happiness Score"
          },
          {
            "field": "HappinessRank2016/2017",
            "type": "quantitative",
            "title": "Happiness Rank"
          },
          {"field": "Region", "type": "nominal", "title": "Region"}
        ]
      }
    },
    {
      "mark": "line",
      "height": 500,
      "width": {"step": 50},
      "encoding": {
        "x": {"field": "Year", "type": "ordinal"},
        "scale": {"padding": 0.5},
        "y": {"field": "HappinessRank2016/2017", "type": "quantitative"},
        "color": {"field": "Country", "type": "nominal"}
      }
    }
  ],
  "config": {}
}
      