﻿Suburb,Month,Year,avg_price
ABBOTSFORD,2,2016,1136041.5
ABBOTSFORD,4,2016,968541.5
ABBOTSFORD,5,2016,1024729
ABBOTSFORD,6,2016,1066666.67
ABBOTSFORD,7,2016,1023041.5
ABBOTSFORD,8,2016,1013658
ABBOTSFORD,9,2016,1081108
ABBOTSFORD,10,2016,947142.86
ABBOTSFORD,11,2016,1089893.82
ABBOTSFORD,12,2016,914608
ABBOTSFORD,2,2017,1180666.67
ABBOTSFORD,3,2017,1145347.17
ABBOTSFORD,4,2017,1204502.14
ABBOTSFORD,5,2017,1042940.43
ABBOTSFORD,6,2017,695000
ABBOTSFORD,7,2017,975073.57
ABBOTSFORD,8,2017,1245536.89
ABBOTSFORD,9,2017,1024086.4
ABERFELDIE,4,2016,1227816
ABERFELDIE,5,2016,1264728.6
ABERFELDIE,6,2016,1687762
ABERFELDIE,9,2016,1006500
ABERFELDIE,10,2016,1590333.33
ABERFELDIE,11,2016,1009666.67
ABERFELDIE,12,2016,1708333.33
ABERFELDIE,2,2017,1233750
ABERFELDIE,3,2017,955333.33
ABERFELDIE,4,2017,1263896.43
ABERFELDIE,5,2017,1800833.33
ABERFELDIE,6,2017,858500
ABERFELDIE,7,2017,1169969.33
ABERFELDIE,8,2017,1683333.33
ABERFELDIE,9,2017,1275142.86
AIRPORT WEST,4,2016,746000
AIRPORT WEST,5,2016,655000
AIRPORT WEST,6,2016,465000
AIRPORT WEST,7,2016,626937.5
AIRPORT WEST,8,2016,651166.67
AIRPORT WEST,9,2016,780125
AIRPORT WEST,10,2016,629833.33
AIRPORT WEST,11,2016,712062.5
AIRPORT WEST,12,2016,765000
AIRPORT WEST,2,2017,746028.67
AIRPORT WEST,3,2017,694898.44
AIRPORT WEST,4,2017,742214.29
AIRPORT WEST,5,2017,790666.67
AIRPORT WEST,6,2017,842994.38
AIRPORT WEST,7,2017,708470.18
AIRPORT WEST,8,2017,804250
AIRPORT WEST,9,2017,777000.13
ALBANVALE,6,2017,529458.5
ALBANVALE,7,2017,555000
ALBANVALE,8,2017,504000
ALBANVALE,9,2017,542458.5
ALBERT PARK,4,2016,2050000
ALBERT PARK,5,2016,1809004.67
ALBERT PARK,6,2016,2042155.6
ALBERT PARK,7,2016,2268000
ALBERT PARK,8,2016,1706622.2
ALBERT PARK,9,2016,1916326.4
ALBERT PARK,10,2016,1901466.6
ALBERT PARK,11,2016,1638155.6
ALBERT PARK,12,2016,1908333.33
ALBERT PARK,2,2017,2079625
ALBERT PARK,3,2017,2099873
ALBERT PARK,4,2017,2093750
ALBERT PARK,5,2017,2157670.9
ALBERT PARK,6,2017,1987708.33
ALBERT PARK,7,2017,2688125
ALBERT PARK,8,2017,2371666.67
ALBERT PARK,9,2017,1841444.5
ALBION,2,2016,765000
ALBION,5,2016,600000
ALBION,6,2016,567000
ALBION,7,2016,325000
ALBION,8,2016,185000
ALBION,9,2016,567500
ALBION,10,2016,657250
ALBION,11,2016,800000
ALBION,12,2016,720000
ALBION,2,2017,591833.33
ALBION,3,2017,715000
ALBION,4,2017,800000
ALBION,5,2017,537000
ALBION,6,2017,784333.33
ALBION,7,2017,525750
ALBION,8,2017,665833
ALBION,9,2017,760875
ALPHINGTON,4,2016,1781146
ALPHINGTON,5,2016,768147.75
ALPHINGTON,6,2016,1525000
ALPHINGTON,7,2016,1630000
ALPHINGTON,8,2016,1956823
ALPHINGTON,9,2016,1259397.75
ALPHINGTON,10,2016,1673833.33
ALPHINGTON,11,2016,1374437.5
ALPHINGTON,2,2017,1298430.67
ALPHINGTON,3,2017,1156000
ALPHINGTON,4,2017,1540000
ALPHINGTON,5,2017,963200
ALPHINGTON,6,2017,1795382
ALPHINGTON,7,2017,1623976.6
ALPHINGTON,8,2017,983000
ALPHINGTON,9,2017,1313350
ALTONA,2,2016,720000
ALTONA,4,2016,661666.67
ALTONA,5,2016,807157.14
ALTONA,6,2016,1104333.33
ALTONA,7,2016,557800
ALTONA,8,2016,747642.86
ALTONA,9,2016,647400
ALTONA,10,2016,740400
ALTONA,11,2016,818916.67
ALTONA,12,2016,1065000
ALTONA,2,2017,705187.11
ALTONA,3,2017,908666.67
ALTONA,4,2017,822979.6
ALTONA,5,2017,1193000
ALTONA,6,2017,883755.14
ALTONA,7,2017,950978.55
ALTONA,8,2017,871321.45
ALTONA,9,2017,819681.33
ALTONA MEADOWS,6,2017,820000
ALTONA MEADOWS,7,2017,559375
ALTONA MEADOWS,8,2017,810000
ALTONA MEADOWS,9,2017,701430.5
ALTONA NORTH,4,2016,590000
ALTONA NORTH,5,2016,712000
ALTONA NORTH,6,2016,703473.82
ALTONA NORTH,7,2016,750625
ALTONA NORTH,8,2016,701158.7
ALTONA NORTH,9,2016,826601.71
ALTONA NORTH,10,2016,804750
ALTONA NORTH,11,2016,730537.69
ALTONA NORTH,12,2016,703319.5
ALTONA NORTH,2,2017,769958.33
ALTONA NORTH,3,2017,783479.17
ALTONA NORTH,4,2017,799070.67
ALTONA NORTH,5,2017,821625
ALTONA NORTH,6,2017,819023.56
ALTONA NORTH,7,2017,814900.92
ALTONA NORTH,8,2017,841166.67
ALTONA NORTH,9,2017,900458.86
ARDEER,5,2017,651750
ARDEER,6,2017,651750
ARDEER,7,2017,636000
ARDEER,8,2017,730000
ARDEER,9,2017,636166.67
ARMADALE,4,2016,1894135.8
ARMADALE,5,2016,1646802
ARMADALE,6,2016,1756465
ARMADALE,7,2016,958984.86
ARMADALE,8,2016,1312012.2
ARMADALE,9,2016,2019815.6
ARMADALE,10,2016,1910187.5
ARMADALE,11,2016,2026238.4
ARMADALE,12,2016,1407513.77
ARMADALE,2,2017,1524586.86
ARMADALE,3,2017,1515272.13
ARMADALE,4,2017,1031830.44
ARMADALE,5,2017,1629191.14
ARMADALE,6,2017,2305438.71
ARMADALE,7,2017,734142.43
ARMADALE,8,2017,1702781.22
ARMADALE,9,2017,2105063.28
ASCOT VALE,2,2016,895000
ASCOT VALE,4,2016,1159800
ASCOT VALE,5,2016,1025765.71
ASCOT VALE,6,2016,859590.91
ASCOT VALE,7,2016,1085111.11
ASCOT VALE,8,2016,1121500
ASCOT VALE,9,2016,984075
ASCOT VALE,10,2016,1032624.44
ASCOT VALE,11,2016,1001156
ASCOT VALE,12,2016,953460
ASCOT VALE,2,2017,1018585.71
ASCOT VALE,3,2017,1247666.67
ASCOT VALE,4,2017,1182340
ASCOT VALE,5,2017,1212388.24
ASCOT VALE,6,2017,1190177.5
ASCOT VALE,7,2017,992848
ASCOT VALE,8,2017,1275183.33
ASCOT VALE,9,2017,915261.11
ASHBURTON,2,2016,1506365
ASHBURTON,4,2016,1471932.5
ASHBURTON,5,2016,1642380.7
ASHBURTON,6,2016,1421818.33
ASHBURTON,7,2016,1440000
ASHBURTON,8,2016,1694825.88
ASHBURTON,9,2016,1914125
ASHBURTON,10,2016,1364800
ASHBURTON,11,2016,1503103.5
ASHBURTON,12,2016,1578961.43
ASHBURTON,2,2017,1712031.13
ASHBURTON,3,2017,1758943.86
ASHBURTON,4,2017,1543277.5
ASHBURTON,5,2017,1796773
ASHBURTON,6,2017,1991655.18
ASHBURTON,7,2017,1464510
ASHBURTON,8,2017,1674563.18
ASHBURTON,9,2017,1497861
ASHWOOD,2,2016,1094856
ASHWOOD,4,2016,997318.25
ASHWOOD,5,2016,1159795.5
ASHWOOD,6,2016,1021942.67
ASHWOOD,7,2016,1192208.5
ASHWOOD,8,2016,1137018.43
ASHWOOD,9,2016,1146530.33
ASHWOOD,10,2016,1401171.2
ASHWOOD,11,2016,1044536.55
ASHWOOD,12,2016,1042942.4
ASHWOOD,2,2017,1156883.4
ASHWOOD,3,2017,1085631
ASHWOOD,4,2017,1117571.43
ASHWOOD,5,2017,1138892.78
ASHWOOD,6,2017,1270000
ASHWOOD,7,2017,1283833.33
ASHWOOD,8,2017,1253333.33
ASHWOOD,9,2017,1154733.4
ASPENDALE,5,2017,1610000
ASPENDALE,6,2017,1040250
ASPENDALE,7,2017,1019694.5
ASPENDALE,8,2017,1495700
ASPENDALE,9,2017,1174223.86
ASPENDALE GARDENS,7,2017,840000
ASPENDALE GARDENS,9,2017,832500
ATTWOOD,6,2017,640000
ATTWOOD,9,2017,640000
AVONDALE HEIGHTS,4,2016,713100
AVONDALE HEIGHTS,5,2016,931657.44
AVONDALE HEIGHTS,6,2016,977500
AVONDALE HEIGHTS,7,2016,714250
AVONDALE HEIGHTS,8,2016,724677.13
AVONDALE HEIGHTS,9,2016,748611.11
AVONDALE HEIGHTS,10,2016,794101.89
AVONDALE HEIGHTS,11,2016,722601.89
AVONDALE HEIGHTS,12,2016,1061806
AVONDALE HEIGHTS,2,2017,812903.17
AVONDALE HEIGHTS,3,2017,736000
AVONDALE HEIGHTS,4,2017,952927.13
AVONDALE HEIGHTS,5,2017,932000
AVONDALE HEIGHTS,6,2017,910600
AVONDALE HEIGHTS,7,2017,790318.18
AVONDALE HEIGHTS,8,2017,869139
AVONDALE HEIGHTS,9,2017,775500
BALACLAVA,5,2016,445286.75
BALACLAVA,6,2016,902642.8
BALACLAVA,7,2016,1284214
BALACLAVA,8,2016,497500
BALACLAVA,9,2016,1181738
BALACLAVA,10,2016,511250
BALACLAVA,11,2016,778333.33
BALACLAVA,12,2016,410000
BALACLAVA,2,2017,1335500
BALACLAVA,3,2017,589147
BALACLAVA,4,2017,465000
BALACLAVA,5,2017,450000
BALACLAVA,6,2017,882500
BALACLAVA,7,2017,434333.33
BALACLAVA,8,2017,1004875
BALACLAVA,9,2017,672358.29
BALWYN,2,2016,450000
BALWYN,4,2016,1576471.67
BALWYN,5,2016,1992105.76
BALWYN,6,2016,2107311.2
BALWYN,7,2016,2120099.56
BALWYN,8,2016,1579518.88
BALWYN,9,2016,1665035.39
BALWYN,10,2016,1695330
BALWYN,11,2016,1919145.19
BALWYN,12,2016,1986409.09
BALWYN,2,2017,2049321
BALWYN,3,2017,2071171.73
BALWYN,4,2017,1296580
BALWYN,5,2017,1408383.33
BALWYN,6,2017,2071806.67
BALWYN,7,2017,2092935
BALWYN,8,2017,1757466.86
BALWYN,9,2017,1993994.22
BALWYN NORTH,4,2016,1916996.15
BALWYN NORTH,5,2016,1582081.82
BALWYN NORTH,6,2016,1782838.84
BALWYN NORTH,7,2016,1657571.78
BALWYN NORTH,8,2016,1830825.23
BALWYN NORTH,9,2016,1707855.59
BALWYN NORTH,10,2016,1835548.93
BALWYN NORTH,11,2016,1627091.44
BALWYN NORTH,12,2016,2004441.25
BALWYN NORTH,2,2017,1646500.11
BALWYN NORTH,3,2017,1814930
BALWYN NORTH,4,2017,1821598.9
BALWYN NORTH,5,2017,1675197.83
BALWYN NORTH,6,2017,1786646.45
BALWYN NORTH,7,2017,1661490.64
BALWYN NORTH,8,2017,2033390.06
BALWYN NORTH,9,2017,1821647.43
BAYSWATER,5,2017,657500
BAYSWATER,6,2017,758418.8
BAYSWATER,7,2017,686333.33
BAYSWATER,8,2017,630797
BAYSWATER,9,2017,820500
BAYSWATER NORTH,6,2017,741166.5
BAYSWATER NORTH,7,2017,683171.4
BAYSWATER NORTH,8,2017,678857
BAYSWATER NORTH,9,2017,793000
BEACONSFIELD,7,2017,581333.33
BEACONSFIELD UPPER,6,2017,675000
BEAUMARIS,5,2017,2364375
BEAUMARIS,6,2017,1733458.33
BEAUMARIS,7,2017,1373575
BEAUMARIS,8,2017,1860200.5
BEAUMARIS,9,2017,1682379.17
BELLFIELD,4,2016,770000
BELLFIELD,5,2016,635000
BELLFIELD,6,2016,804867
BELLFIELD,7,2016,752000
BELLFIELD,8,2016,773000
BELLFIELD,9,2016,780000
BELLFIELD,10,2016,890000
BELLFIELD,11,2016,835000
BELLFIELD,12,2016,804867
BELLFIELD,2,2017,720000
BELLFIELD,3,2017,778622.33
BELLFIELD,4,2017,849433.5
BELLFIELD,5,2017,875500
BELLFIELD,7,2017,850291.5
BELLFIELD,8,2017,852333.33
BELLFIELD,9,2017,900000
BENTLEIGH,2,2016,1222500
BENTLEIGH,4,2016,1572660.2
BENTLEIGH,5,2016,1291966.83
BENTLEIGH,6,2016,1330413.23
BENTLEIGH,7,2016,1114000
BENTLEIGH,8,2016,1325730.76
BENTLEIGH,9,2016,1155856.58
BENTLEIGH,10,2016,1240767.23
BENTLEIGH,11,2016,1233013.73
BENTLEIGH,12,2016,1259079
BENTLEIGH,2,2017,1406000
BENTLEIGH,3,2017,1158740.08
BENTLEIGH,4,2017,960861.27
BENTLEIGH,5,2017,1359558.33
BENTLEIGH,6,2017,1330212.08
BENTLEIGH,7,2017,1214500
BENTLEIGH,8,2017,1401079
BENTLEIGH,9,2017,1456156.08
BENTLEIGH EAST,2,2016,788435
BENTLEIGH EAST,4,2016,971800
BENTLEIGH EAST,5,2016,996996.29
BENTLEIGH EAST,6,2016,981595.88
BENTLEIGH EAST,7,2016,1067437.5
BENTLEIGH EAST,8,2016,1134945.04
BENTLEIGH EAST,9,2016,1088130.08
BENTLEIGH EAST,10,2016,992755.21
BENTLEIGH EAST,11,2016,1069963.53
BENTLEIGH EAST,12,2016,1048535.82
BENTLEIGH EAST,2,2017,1133062.43
BENTLEIGH EAST,3,2017,1138301.87
BENTLEIGH EAST,4,2017,1102709.47
BENTLEIGH EAST,5,2017,1191266.85
BENTLEIGH EAST,6,2017,1286987.38
BENTLEIGH EAST,7,2017,1127327
BENTLEIGH EAST,8,2017,1216928.22
BENTLEIGH EAST,9,2017,1182822.24
BERWICK,5,2017,782333.33
BERWICK,6,2017,649250
BERWICK,7,2017,776821.43
BERWICK,8,2017,707666.67
BERWICK,9,2017,894541.67
BLACK ROCK,5,2017,851750
BLACK ROCK,6,2017,1165333.33
BLACK ROCK,7,2017,907500
BLACK ROCK,8,2017,1386089.25
BLACK ROCK,9,2017,1639214.29
BLACKBURN,6,2017,1363765.44
BLACKBURN,7,2017,1173674.7
BLACKBURN,8,2017,1232546
BLACKBURN,9,2017,1454476.21
BLACKBURN NORTH,6,2017,1029500
BLACKBURN NORTH,7,2017,985055.5
BLACKBURN NORTH,8,2017,1275000
BLACKBURN NORTH,9,2017,1189400
BLACKBURN SOUTH,5,2017,1258000
BLACKBURN SOUTH,6,2017,1111261.17
BLACKBURN SOUTH,7,2017,1025509.57
BLACKBURN SOUTH,8,2017,1097366.71
BLACKBURN SOUTH,9,2017,1095011.17
BONBEACH,6,2017,836000
BONBEACH,8,2017,920000
BONBEACH,9,2017,1211666.67
BORONIA,5,2017,748833
BORONIA,6,2017,752666.5
BORONIA,7,2017,785104.13
BORONIA,8,2017,769333.33
BORONIA,9,2017,739733.2
BOX HILL,4,2016,1056666.67
BOX HILL,5,2016,1250208.25
BOX HILL,6,2016,1568011.43
BOX HILL,7,2016,1080866.6
BOX HILL,8,2016,832437.33
BOX HILL,9,2016,1508961.86
BOX HILL,10,2016,1173042.29
BOX HILL,11,2016,1381074.7
BOX HILL,12,2016,1344965.25
BOX HILL,2,2017,1710000
BOX HILL,3,2017,677453.67
BOX HILL,4,2017,1428687.2
BOX HILL,5,2017,1244047.57
BOX HILL,6,2017,1862666.5
BOX HILL,7,2017,1606953.67
BOX HILL,8,2017,1083143.5
BOX HILL,9,2017,1508572.5
BRAYBROOK,4,2016,664424
BRAYBROOK,5,2016,470000
BRAYBROOK,6,2016,498333.33
BRAYBROOK,7,2016,684969.6
BRAYBROOK,8,2016,625833.33
BRAYBROOK,9,2016,689472.25
BRAYBROOK,10,2016,747463
BRAYBROOK,11,2016,689187.5
BRAYBROOK,12,2016,660317.25
BRAYBROOK,2,2017,592000
BRAYBROOK,3,2017,634500
BRAYBROOK,4,2017,692385.71
BRAYBROOK,5,2017,620333.33
BRAYBROOK,6,2017,681474.67
BRAYBROOK,7,2017,625700
BRAYBROOK,8,2017,906884.5
BRAYBROOK,9,2017,738577
BRIAR HILL,5,2017,590000
BRIAR HILL,6,2017,673750
BRIAR HILL,7,2017,840000
BRIAR HILL,8,2017,820000
BRIAR HILL,9,2017,679800
BRIGHTON,4,2016,1658295
BRIGHTON,5,2016,1750894.41
BRIGHTON,6,2016,2023238.39
BRIGHTON,7,2016,1843902.75
BRIGHTON,8,2016,1907993.25
BRIGHTON,9,2016,1832204.3
BRIGHTON,10,2016,1633787.91
BRIGHTON,11,2016,2055336.53
BRIGHTON,12,2016,2246517.33
BRIGHTON,2,2017,1864471.54
BRIGHTON,3,2017,2165168.68
BRIGHTON,4,2017,2499042.47
BRIGHTON,5,2017,2060880.17
BRIGHTON,6,2017,1857148.38
BRIGHTON,7,2017,1573093.39
BRIGHTON,8,2017,2177673.12
BRIGHTON,9,2017,2064011.25
BRIGHTON EAST,4,2016,1701288.4
BRIGHTON EAST,5,2016,1517330.84
BRIGHTON EAST,6,2016,1848318
BRIGHTON EAST,7,2016,909000
BRIGHTON EAST,8,2016,1607005.86
BRIGHTON EAST,9,2016,1646122.96
BRIGHTON EAST,10,2016,1945918.23
BRIGHTON EAST,11,2016,1697061.97
BRIGHTON EAST,12,2016,1633778.94
BRIGHTON EAST,2,2017,1515292.86
BRIGHTON EAST,3,2017,1565665.14
BRIGHTON EAST,4,2017,1583170.3
BRIGHTON EAST,5,2017,1694139.11
BRIGHTON EAST,6,2017,1870254.21
BRIGHTON EAST,7,2017,1225564.33
BRIGHTON EAST,8,2017,1528030.84
BRIGHTON EAST,9,2017,1589846.57
BROADMEADOWS,5,2017,484593.33
BROADMEADOWS,6,2017,342000
BROADMEADOWS,7,2017,513071.07
BROADMEADOWS,8,2017,685857.14
BROADMEADOWS,9,2017,530250
BROOKFIELD,7,2017,456000
BROOKLYN,5,2016,524250
BROOKLYN,6,2016,480000
BROOKLYN,8,2016,719191.5
BROOKLYN,9,2016,488191.5
BROOKLYN,10,2016,610977
BROOKLYN,11,2016,716666.67
BROOKLYN,12,2016,485000
BROOKLYN,2,2017,543142.75
BROOKLYN,3,2017,790000
BROOKLYN,4,2017,676250
BROOKLYN,5,2017,670999.67
BROOKLYN,6,2017,820000
BROOKLYN,7,2017,526775
BROOKLYN,9,2017,901000
BRUNSWICK,4,2016,914193.69
BRUNSWICK,5,2016,854372.04
BRUNSWICK,6,2016,949002.25
BRUNSWICK,7,2016,1021069.1
BRUNSWICK,8,2016,865091.29
BRUNSWICK,9,2016,880024.15
BRUNSWICK,10,2016,1017315.88
BRUNSWICK,11,2016,953900.75
BRUNSWICK,12,2016,1026773.13
BRUNSWICK,2,2017,994000
BRUNSWICK,3,2017,1129140.94
BRUNSWICK,4,2017,955500
BRUNSWICK,5,2017,1124804.41
BRUNSWICK,6,2017,1048856.68
BRUNSWICK,7,2017,1078101.2
BRUNSWICK,8,2017,952223
BRUNSWICK,9,2017,901566.27
BRUNSWICK EAST,4,2016,1023000
BRUNSWICK EAST,5,2016,893183.36
BRUNSWICK EAST,6,2016,835038.5
BRUNSWICK EAST,7,2016,823400
BRUNSWICK EAST,8,2016,979269.8
BRUNSWICK EAST,9,2016,1041285.71
BRUNSWICK EAST,10,2016,734223.6
BRUNSWICK EAST,11,2016,1078918.63
BRUNSWICK EAST,12,2016,1045623.6
BRUNSWICK EAST,2,2017,675372.67
BRUNSWICK EAST,3,2017,1008194.14
BRUNSWICK EAST,4,2017,821253.83
BRUNSWICK EAST,5,2017,882483.41
BRUNSWICK EAST,6,2017,983889.75
BRUNSWICK EAST,7,2017,745325.46
BRUNSWICK EAST,8,2017,768602.58
BRUNSWICK EAST,9,2017,842707.54
BRUNSWICK WEST,4,2016,879250
BRUNSWICK WEST,5,2016,724722.89
BRUNSWICK WEST,6,2016,707119.62
BRUNSWICK WEST,7,2016,925166.67
BRUNSWICK WEST,8,2016,676187.5
BRUNSWICK WEST,9,2016,796276.25
BRUNSWICK WEST,10,2016,782381.89
BRUNSWICK WEST,11,2016,869007.94
BRUNSWICK WEST,12,2016,823618.33
BRUNSWICK WEST,2,2017,844500
BRUNSWICK WEST,3,2017,674027.83
BRUNSWICK WEST,4,2017,860354.44
BRUNSWICK WEST,5,2017,804172.25
BRUNSWICK WEST,6,2017,897652.33
BRUNSWICK WEST,7,2017,643711.77
BRUNSWICK WEST,8,2017,1025246.36
BRUNSWICK WEST,9,2017,796850.38
BULLEEN,4,2016,1150500
BULLEEN,5,2016,1223928.6
BULLEEN,6,2016,1072714.33
BULLEEN,7,2016,1038000
BULLEEN,8,2016,1060771.8
BULLEEN,9,2016,1194428.57
BULLEEN,10,2016,1093469.43
BULLEEN,11,2016,1192648.83
BULLEEN,12,2016,1189444.44
BULLEEN,2,2017,1073333.33
BULLEEN,3,2017,1305000
BULLEEN,4,2017,1144143.6
BULLEEN,5,2017,1074543.14
BULLEEN,6,2017,1193333.33
BULLEEN,7,2017,1210500
BULLEEN,8,2017,1286333.33
BULLEEN,9,2017,1164333.33
BUNDOORA,5,2017,824812.5
BUNDOORA,6,2017,775954.55
BUNDOORA,7,2017,761470.27
BUNDOORA,8,2017,867266.67
BUNDOORA,9,2017,803483.1
BURNLEY,4,2016,881000
BURNLEY,9,2016,1202500
BURNLEY,12,2016,1118005
BURNLEY,2,2017,1435000
BURNLEY,5,2017,1837500
BURNLEY,6,2017,1100000
BURNLEY,8,2017,370000
BURNLEY,9,2017,370000
BURNSIDE,8,2017,599375
BURNSIDE,9,2017,657500
BURNSIDE HEIGHTS,5,2017,586500
BURNSIDE HEIGHTS,6,2017,527200
BURNSIDE HEIGHTS,7,2017,535000
BURNSIDE HEIGHTS,8,2017,603000
BURNSIDE HEIGHTS,9,2017,617500
BURWOOD,2,2016,1453000
BURWOOD,4,2016,1449832.33
BURWOOD,5,2016,1209138
BURWOOD,6,2016,1156188.19
BURWOOD,7,2016,813033
BURWOOD,8,2016,1042147.57
BURWOOD,9,2016,1063857.75
BURWOOD,10,2016,1387721.5
BURWOOD,11,2016,1244069.64
BURWOOD,12,2016,1369233.55
BURWOOD,2,2017,1186954.4
BURWOOD,3,2017,1192990.13
BURWOOD,4,2017,1241038.33
BURWOOD,5,2017,1217113.26
BURWOOD,6,2017,1090985
BURWOOD,7,2017,1399921.17
BURWOOD,8,2017,1335377
BURWOOD,9,2017,1353821.36
BURWOOD EAST,5,2017,780000
BURWOOD EAST,6,2017,1149496.33
BURWOOD EAST,7,2017,1166116.86
BURWOOD EAST,8,2017,1000000
BURWOOD EAST,9,2017,1010508.22
CAIRNLEA,5,2017,720000
CAIRNLEA,6,2017,724100
CAIRNLEA,7,2017,656640
CAIRNLEA,8,2017,560000
CAIRNLEA,9,2017,716833.5
CAMBERWELL,4,2016,1618702.44
CAMBERWELL,5,2016,2278600.41
CAMBERWELL,6,2016,1528848.67
CAMBERWELL,7,2016,1175859.6
CAMBERWELL,8,2016,2174429.26
CAMBERWELL,9,2016,2031818.77
CAMBERWELL,10,2016,1931758.73
CAMBERWELL,11,2016,1510308.96
CAMBERWELL,12,2016,1960128.69
CAMBERWELL,2,2017,2140156.4
CAMBERWELL,3,2017,1994653.91
CAMBERWELL,4,2017,1388153.55
CAMBERWELL,5,2017,2321166.93
CAMBERWELL,6,2017,1818597.75
CAMBERWELL,7,2017,1267067.79
CAMBERWELL,8,2017,1928011.53
CAMBERWELL,9,2017,2050647.73
CAMPBELLFIELD,8,2017,650000
CANTERBURY,1,2016,2778864
CANTERBURY,4,2016,1317237.5
CANTERBURY,5,2016,3077349
CANTERBURY,6,2016,1134080
CANTERBURY,7,2016,1421593.75
CANTERBURY,8,2016,2944279.67
CANTERBURY,9,2016,1859539.83
CANTERBURY,10,2016,2350644
CANTERBURY,11,2016,2118858
CANTERBURY,12,2016,2660973.17
CANTERBURY,2,2017,3289432
CANTERBURY,3,2017,2409025.38
CANTERBURY,4,2017,2014000
CANTERBURY,5,2017,3098144.73
CANTERBURY,6,2017,1937691.29
CANTERBURY,7,2017,816000
CANTERBURY,8,2017,2319074
CANTERBURY,9,2017,2382418.08
CARLTON,4,2016,1199898.67
CARLTON,5,2016,1007103.17
CARLTON,6,2016,1096666.67
CARLTON,7,2016,778500
CARLTON,8,2016,1054142.86
CARLTON,9,2016,1355000
CARLTON,10,2016,880000
CARLTON,11,2016,817333.33
CARLTON,12,2016,921111
CARLTON,2,2017,2160500
CARLTON,3,2017,1032087
CARLTON,4,2017,876250
CARLTON,5,2017,947782.67
CARLTON,6,2017,1046666.5
CARLTON,7,2017,921253.63
CARLTON,8,2017,1206087
CARLTON,9,2017,845366
CARLTON NORTH,4,2016,1867000
CARLTON NORTH,5,2016,1967350
CARLTON NORTH,6,2016,725000
CARLTON NORTH,7,2016,1401916.5
CARLTON NORTH,8,2016,1397111
CARLTON NORTH,9,2016,1116611
CARLTON NORTH,10,2016,1047500
CARLTON NORTH,11,2016,2400000
CARLTON NORTH,12,2016,1128625
CARLTON NORTH,2,2017,1623111
CARLTON NORTH,3,2017,1555291.63
CARLTON NORTH,4,2017,550000
CARLTON NORTH,5,2017,1537908.3
CARLTON NORTH,6,2017,1881700
CARLTON NORTH,7,2017,1213333.33
CARLTON NORTH,8,2017,1585666.5
CARLTON NORTH,9,2017,1144266.6
CARNEGIE,4,2016,981867.3
CARNEGIE,5,2016,1049722.41
CARNEGIE,6,2016,649764.71
CARNEGIE,7,2016,696650
CARNEGIE,8,2016,890443.14
CARNEGIE,9,2016,1036666.67
CARNEGIE,10,2016,562964.5
CARNEGIE,11,2016,914550.44
CARNEGIE,12,2016,1026515.88
CARNEGIE,2,2017,1004118.18
CARNEGIE,3,2017,849153.87
CARNEGIE,4,2017,759795.4
CARNEGIE,5,2017,1020796.93
CARNEGIE,6,2017,1083617.93
CARNEGIE,7,2017,909600.95
CARNEGIE,8,2017,817414.86
CARNEGIE,9,2017,995520
CAROLINE SPRINGS,5,2017,545444
CAROLINE SPRINGS,6,2017,778333.33
CAROLINE SPRINGS,7,2017,519666.67
CAROLINE SPRINGS,8,2017,785000
CAROLINE SPRINGS,9,2017,646000
CARRUM,5,2017,885000
CARRUM,6,2017,758238.17
CARRUM,7,2017,650000
CARRUM,8,2017,685000
CARRUM,9,2017,721750
CARRUM DOWNS,5,2017,532500
CARRUM DOWNS,6,2017,550486
CARRUM DOWNS,7,2017,510166.67
CARRUM DOWNS,8,2017,561375
CARRUM DOWNS,9,2017,559250
CAULFIELD,4,2016,1220000
CAULFIELD,6,2016,1090000
CAULFIELD,9,2016,722500
CAULFIELD,11,2016,638000
CAULFIELD,12,2016,1146656
CAULFIELD,2,2017,131000
CAULFIELD,3,2017,436500
CAULFIELD,4,2017,496656
CAULFIELD,5,2017,552500
CAULFIELD,6,2017,730500
CAULFIELD,8,2017,1070000
CAULFIELD,9,2017,341000
CAULFIELD EAST,5,2016,555000
CAULFIELD EAST,6,2016,1315000
CAULFIELD EAST,7,2016,1335000
CAULFIELD EAST,10,2016,1300000
CAULFIELD EAST,12,2016,620000
CAULFIELD EAST,2,2017,1000000
CAULFIELD EAST,5,2017,650926
CAULFIELD EAST,6,2017,350000
CAULFIELD EAST,7,2017,1550000
CAULFIELD EAST,9,2017,1011694.5
CAULFIELD NORTH,5,2016,1215833.33
CAULFIELD NORTH,8,2016,1030166.67
CAULFIELD NORTH,9,2016,865093
CAULFIELD NORTH,10,2016,2115000
CAULFIELD NORTH,11,2016,542000
CAULFIELD NORTH,12,2016,984333.33
CAULFIELD NORTH,2,2017,1245800
CAULFIELD NORTH,3,2017,844522.25
CAULFIELD NORTH,4,2017,532500
CAULFIELD NORTH,5,2017,1368179.13
CAULFIELD NORTH,6,2017,901081.83
CAULFIELD NORTH,7,2017,564904.67
CAULFIELD NORTH,8,2017,1542500
CAULFIELD NORTH,9,2017,1080000
CAULFIELD SOUTH,4,2016,1043500
CAULFIELD SOUTH,5,2016,1447386.18
CAULFIELD SOUTH,7,2016,1197232.5
CAULFIELD SOUTH,8,2016,1021666.67
CAULFIELD SOUTH,9,2016,1296985
CAULFIELD SOUTH,10,2016,875500
CAULFIELD SOUTH,11,2016,1016576.33
CAULFIELD SOUTH,12,2016,1016973.75
CAULFIELD SOUTH,2,2017,1380801.83
CAULFIELD SOUTH,3,2017,1556848.75
CAULFIELD SOUTH,4,2017,965666.67
CAULFIELD SOUTH,5,2017,1232342.14
CAULFIELD SOUTH,6,2017,1012700
CAULFIELD SOUTH,7,2017,1176000
CAULFIELD SOUTH,8,2017,1320749.71
CAULFIELD SOUTH,9,2017,1301700
CHADSTONE,2,2016,890000
CHADSTONE,4,2016,916500
CHADSTONE,5,2016,1030364.8
CHADSTONE,6,2016,882875
CHADSTONE,7,2016,1421706
CHADSTONE,8,2016,996132.4
CHADSTONE,9,2016,856133.4
CHADSTONE,10,2016,861040.5
CHADSTONE,11,2016,1038616.2
CHADSTONE,12,2016,1136375
CHADSTONE,2,2017,1064720.67
CHADSTONE,3,2017,934409
CHADSTONE,4,2017,977564.8
CHADSTONE,5,2017,914110.33
CHADSTONE,6,2017,896875
CHADSTONE,7,2017,988018.5
CHADSTONE,8,2017,1035687.5
CHADSTONE,9,2017,1023016.44
CHELSEA,5,2017,600000
CHELSEA,6,2017,654333.33
CHELSEA,7,2017,796333.33
CHELSEA,8,2017,879167
CHELSEA,9,2017,905666.8
CHELSEA HEIGHTS,5,2017,691750
CHELSEA HEIGHTS,6,2017,732000
CHELSEA HEIGHTS,7,2017,835500
CHELSEA HEIGHTS,8,2017,717500
CHELSEA HEIGHTS,9,2017,805500
CHELTENHAM,5,2017,949733.14
CHELTENHAM,6,2017,999157.89
CHELTENHAM,7,2017,975752.77
CHELTENHAM,8,2017,1066313.2
CHELTENHAM,9,2017,1000646.83
CHIRNSIDE PARK,5,2017,911982
CLARINDA,7,2017,852000
CLARINDA,8,2017,971433.33
CLARINDA,9,2017,850000
CLAYTON,5,2017,975666.5
CLAYTON,6,2017,1149354.4
CLAYTON,7,2017,1220487.8
CLAYTON,8,2017,1055672.25
CLAYTON,9,2017,1666296
CLAYTON SOUTH,5,2017,1016666.67
CLAYTON SOUTH,6,2017,792500
CLAYTON SOUTH,7,2017,517500
CLAYTON SOUTH,8,2017,804711.5
CLAYTON SOUTH,9,2017,843437.5
CLIFTON HILL,5,2016,934173.67
CLIFTON HILL,6,2016,946280.5
CLIFTON HILL,7,2016,1118887.33
CLIFTON HILL,8,2016,820000
CLIFTON HILL,9,2016,1269171.43
CLIFTON HILL,10,2016,1624107.25
CLIFTON HILL,11,2016,1128145.86
CLIFTON HILL,12,2016,1015666.67
CLIFTON HILL,2,2017,1550112.5
CLIFTON HILL,3,2017,1302360
CLIFTON HILL,4,2017,1041800
CLIFTON HILL,5,2017,1149418.42
CLIFTON HILL,6,2017,1193605.5
CLIFTON HILL,7,2017,1037204.2
CLIFTON HILL,8,2017,1566750
CLIFTON HILL,9,2017,1226200
COBURG,2,2016,675000
COBURG,4,2016,749722.22
COBURG,5,2016,869829.06
COBURG,6,2016,846128.7
COBURG,7,2016,918276.5
COBURG,8,2016,832564.25
COBURG,9,2016,851823.6
COBURG,10,2016,902360
COBURG,11,2016,938780.71
COBURG,12,2016,956870.67
COBURG,2,2017,879209.67
COBURG,3,2017,1001181.43
COBURG,4,2017,951046.82
COBURG,5,2017,927263.81
COBURG,6,2017,984378.89
COBURG,7,2017,907015.31
COBURG,8,2017,922954.55
COBURG,9,2017,940624.04
COBURG NORTH,4,2016,614336
COBURG NORTH,5,2016,723072.13
COBURG NORTH,6,2016,809418.5
COBURG NORTH,7,2016,784000
COBURG NORTH,8,2016,685074.57
COBURG NORTH,9,2016,792975.83
COBURG NORTH,10,2016,749166.67
COBURG NORTH,11,2016,857000
COBURG NORTH,12,2016,817751.83
COBURG NORTH,2,2017,730255.5
COBURG NORTH,3,2017,738196.54
COBURG NORTH,4,2017,827561.67
COBURG NORTH,5,2017,784431.71
COBURG NORTH,6,2017,785820.75
COBURG NORTH,7,2017,805472.17
COBURG NORTH,8,2017,705000
COBURG NORTH,9,2017,927251.83
COLLINGWOOD,4,2016,1272500
COLLINGWOOD,5,2016,926785.71
COLLINGWOOD,6,2016,901189
COLLINGWOOD,7,2016,562333.33
COLLINGWOOD,8,2016,857318.5
COLLINGWOOD,9,2016,912888.89
COLLINGWOOD,10,2016,994400
COLLINGWOOD,11,2016,765237.8
COLLINGWOOD,12,2016,1080594.5
COLLINGWOOD,2,2017,1015000
COLLINGWOOD,3,2017,820727.79
COLLINGWOOD,4,2017,962625.89
COLLINGWOOD,5,2017,1056430.5
COLLINGWOOD,6,2017,959519
COLLINGWOOD,7,2017,871657.14
COLLINGWOOD,8,2017,575000
COLLINGWOOD,9,2017,922955.57
COOLAROO,6,2017,390000
COOLAROO,7,2017,455000
COOLAROO,8,2017,460000
COOLAROO,9,2017,457000
CRAIGIEBURN,5,2017,570388.89
CRAIGIEBURN,6,2017,523137.77
CRAIGIEBURN,7,2017,566907.79
CRAIGIEBURN,8,2017,565282.68
CRAIGIEBURN,9,2017,554745.05
CRANBOURNE,7,2017,572000
CRANBOURNE,8,2017,577502
CRANBOURNE NORTH,6,2017,585000
CRANBOURNE NORTH,7,2017,585000
CREMORNE,5,2016,1249833.5
CREMORNE,6,2016,1208333.33
CREMORNE,7,2016,933927.2
CREMORNE,8,2016,425000
CREMORNE,9,2016,1040000
CREMORNE,10,2016,813666.67
CREMORNE,11,2016,1031992.25
CREMORNE,3,2017,650234.5
CREMORNE,4,2017,855000
CREMORNE,5,2017,1057666.67
CREMORNE,9,2017,1317083.5
CROYDON,5,2017,752195.2
CROYDON,6,2017,870070.08
CROYDON,7,2017,824329.5
CROYDON,8,2017,860826.82
CROYDON,9,2017,1041774.08
CROYDON HILLS,5,2017,870250
CROYDON HILLS,6,2017,860500
CROYDON HILLS,7,2017,940208.33
CROYDON HILLS,9,2017,907000
CROYDON NORTH,5,2017,810000
CROYDON NORTH,6,2017,805375
CROYDON NORTH,7,2017,810000
CROYDON NORTH,8,2017,766000
CROYDON NORTH,9,2017,799000
CROYDON SOUTH,5,2017,800000
CROYDON SOUTH,9,2017,1020000
DALLAS,6,2017,359250
DALLAS,7,2017,439595.33
DALLAS,8,2017,475000
DALLAS,9,2017,501000
DANDENONG,5,2017,612500
DANDENONG,6,2017,789833.33
DANDENONG,7,2017,617106
DANDENONG,8,2017,568527.2
DANDENONG,9,2017,484192
DANDENONG NORTH,5,2017,623773
DANDENONG NORTH,6,2017,599621.2
DANDENONG NORTH,7,2017,666043.63
DANDENONG NORTH,8,2017,662166.5
DANDENONG NORTH,9,2017,584654.6
DEEPDENE,8,2017,1715000
DEER PARK,5,2017,508500
DEER PARK,6,2017,670333.33
DEER PARK,7,2017,572500
DEER PARK,8,2017,590344.4
DEER PARK,9,2017,602098.45
DELAHEY,6,2017,505000
DELAHEY,7,2017,538333.33
DELAHEY,8,2017,475000
DELAHEY,9,2017,563875
DERRIMUT,5,2017,610000
DERRIMUT,7,2017,805000
DERRIMUT,9,2017,772500
DIAMOND CREEK,6,2017,588000
DIAMOND CREEK,7,2017,624666.67
DIAMOND CREEK,8,2017,817666.67
DIAMOND CREEK,9,2017,865250
DIGGERS REST,5,2017,435000
DIGGERS REST,8,2017,506000
DINGLEY VILLAGE,5,2017,925000
DINGLEY VILLAGE,6,2017,915333.33
DINGLEY VILLAGE,7,2017,800057.14
DINGLEY VILLAGE,8,2017,873000
DINGLEY VILLAGE,9,2017,1055812.5
DOCKLANDS,8,2016,1370000
DOCKLANDS,9,2016,1370000
DOCKLANDS,12,2016,360000
DOCKLANDS,4,2017,360000
DOCKLANDS,6,2017,1370000
DOCKLANDS,9,2017,360000
DONCASTER,2,2016,1320000
DONCASTER,4,2016,1119238.33
DONCASTER,5,2016,1203670.39
DONCASTER,6,2016,1172979.19
DONCASTER,7,2016,1130100
DONCASTER,8,2016,928509.88
DONCASTER,9,2016,1371525.08
DONCASTER,10,2016,993786.86
DONCASTER,11,2016,1227812.44
DONCASTER,12,2016,1203393.93
DONCASTER,2,2017,1266052.88
DONCASTER,3,2017,1263065.11
DONCASTER,4,2017,1376076.44
DONCASTER,5,2017,1167705.8
DONCASTER,6,2017,1320226.25
DONCASTER,7,2017,1213548.83
DONCASTER,8,2017,1081513.17
DONCASTER,9,2017,1366101.92
DONCASTER EAST,5,2017,1491857.14
DONCASTER EAST,6,2017,1364110.25
DONCASTER EAST,7,2017,1353430.56
DONCASTER EAST,8,2017,1191340.1
DONCASTER EAST,9,2017,1318629.86
DONVALE,5,2017,1877700
DONVALE,6,2017,991312.5
DONVALE,7,2017,1061987.56
DONVALE,8,2017,1297333.33
DONVALE,9,2017,888166.67
DOREEN,6,2017,494500
DOREEN,7,2017,530500
DOREEN,8,2017,472000
DOREEN,9,2017,481000
DOVETON,6,2017,509545.33
DOVETON,7,2017,475386.33
DOVETON,8,2017,454000
DOVETON,9,2017,517250
EAGLEMONT,4,2016,600000
EAGLEMONT,5,2016,525000
EAGLEMONT,6,2016,1711733.33
EAGLEMONT,7,2016,1125500
EAGLEMONT,8,2016,2221333.33
EAGLEMONT,9,2016,1838505.5
EAGLEMONT,10,2016,1990000
EAGLEMONT,11,2016,1748671.43
EAGLEMONT,12,2016,1059000
EAGLEMONT,2,2017,1435200
EAGLEMONT,3,2017,2850000
EAGLEMONT,4,2017,2072600
EAGLEMONT,5,2017,1750000
EAGLEMONT,6,2017,1510000
EAGLEMONT,7,2017,2054375
EAGLEMONT,8,2017,2051250
EAGLEMONT,9,2017,1218500
EAST MELBOURNE,5,2016,682500
EAST MELBOURNE,6,2016,1912000
EAST MELBOURNE,7,2016,1935000
EAST MELBOURNE,8,2016,948178.57
EAST MELBOURNE,9,2016,565000
EAST MELBOURNE,10,2016,1051666.67
EAST MELBOURNE,11,2016,1912000
EAST MELBOURNE,12,2016,2553625
EAST MELBOURNE,2,2017,865187.5
EAST MELBOURNE,4,2017,925750
EAST MELBOURNE,5,2017,2542500
EAST MELBOURNE,6,2017,1666700
EAST MELBOURNE,7,2017,859050
EAST MELBOURNE,8,2017,801750
EAST MELBOURNE,9,2017,1857333.33
EDITHVALE,5,2017,1079166.67
EDITHVALE,6,2017,816516.67
EDITHVALE,7,2017,941330
EDITHVALE,8,2017,990000
EDITHVALE,9,2017,832375
ELSTERNWICK,4,2016,1370400
ELSTERNWICK,5,2016,1055302.25
ELSTERNWICK,6,2016,1595299.25
ELSTERNWICK,8,2016,1807208.86
ELSTERNWICK,9,2016,928241.5
ELSTERNWICK,10,2016,1305985.67
ELSTERNWICK,11,2016,1439933
ELSTERNWICK,12,2016,1041125
ELSTERNWICK,3,2017,1545276
ELSTERNWICK,4,2017,923500
ELSTERNWICK,5,2017,1284922.43
ELSTERNWICK,6,2017,888745.2
ELSTERNWICK,7,2017,1105750
ELSTERNWICK,8,2017,1642200
ELSTERNWICK,9,2017,1250000
ELTHAM,5,2017,855000
ELTHAM,6,2017,883440.9
ELTHAM,7,2017,848000
ELTHAM,8,2017,895428.57
ELTHAM,9,2017,894204.5
ELTHAM NORTH,5,2017,899148
ELTHAM NORTH,6,2017,896236
ELTHAM NORTH,7,2017,836400
ELTHAM NORTH,8,2017,927965.43
ELTHAM NORTH,9,2017,902820.33
ELWOOD,2,2016,1395000
ELWOOD,4,2016,927750
ELWOOD,5,2016,1202869.67
ELWOOD,6,2016,1103988.53
ELWOOD,7,2016,811815.57
ELWOOD,8,2016,827995.88
ELWOOD,9,2016,968446.24
ELWOOD,10,2016,629569.71
ELWOOD,11,2016,1175118.93
ELWOOD,12,2016,758973.92
ELWOOD,2,2017,760015.93
ELWOOD,3,2017,987694.2
ELWOOD,4,2017,1107526.44
ELWOOD,5,2017,1219399.71
ELWOOD,6,2017,895012.93
ELWOOD,7,2017,754285.4
ELWOOD,8,2017,1399699.5
ELWOOD,9,2017,1174356.06
EMERALD,7,2017,655000
ENDEAVOUR HILLS,7,2017,692916.67
ENDEAVOUR HILLS,8,2017,580000
ENDEAVOUR HILLS,9,2017,655000
EPPING,5,2017,494250
EPPING,6,2017,597279.6
EPPING,7,2017,575345.52
EPPING,8,2017,589035.71
EPPING,9,2017,567111.11
ESSENDON,2,2016,911000
ESSENDON,4,2016,870500
ESSENDON,5,2016,1015178.28
ESSENDON,6,2016,920768.5
ESSENDON,7,2016,1224285.71
ESSENDON,8,2016,939982.88
ESSENDON,9,2016,963700
ESSENDON,10,2016,1074837
ESSENDON,11,2016,1148263.85
ESSENDON,12,2016,1069060.69
ESSENDON,2,2017,1309050
ESSENDON,3,2017,1137816.4
ESSENDON,4,2017,873559.5
ESSENDON,5,2017,1090830.86
ESSENDON,6,2017,1009362.3
ESSENDON,7,2017,895916.67
ESSENDON,8,2017,1418769.23
ESSENDON,9,2017,1110896.57
ESSENDON NORTH,5,2016,885000
ESSENDON NORTH,6,2016,960000
ESSENDON NORTH,7,2016,535038
ESSENDON NORTH,8,2016,872500
ESSENDON NORTH,9,2016,396000
ESSENDON NORTH,11,2016,765000
ESSENDON NORTH,2,2017,1425000
ESSENDON NORTH,3,2017,1360000
ESSENDON NORTH,4,2017,775700
ESSENDON NORTH,5,2017,651666.67
ESSENDON NORTH,6,2017,663666.67
ESSENDON NORTH,7,2017,1160000
ESSENDON NORTH,8,2017,933833.5
ESSENDON NORTH,9,2017,967200
ESSENDON WEST,4,2016,1003605
ESSENDON WEST,5,2016,1152468.75
ESSENDON WEST,6,2016,895121
ESSENDON WEST,7,2016,1078333.33
ESSENDON WEST,8,2016,906802.5
ESSENDON WEST,9,2016,966201.67
ESSENDON WEST,10,2016,668750
ESSENDON WEST,11,2016,1030368.33
ESSENDON WEST,12,2016,1077500
ESSENDON WEST,2,2017,1003605
ESSENDON WEST,5,2017,1253666.67
ESSENDON WEST,6,2017,1390000
ESSENDON WEST,7,2017,1373718.75
ESSENDON WEST,9,2017,950000
FAIRFIELD,4,2016,1065000
FAIRFIELD,5,2016,1050158.57
FAIRFIELD,6,2016,1226361
FAIRFIELD,8,2016,1027800
FAIRFIELD,9,2016,1066456.38
FAIRFIELD,10,2016,1004666.67
FAIRFIELD,11,2016,980763.83
FAIRFIELD,12,2016,801666.67
FAIRFIELD,2,2017,1028791.5
FAIRFIELD,3,2017,1082802.4
FAIRFIELD,4,2017,1327583
FAIRFIELD,5,2017,1285727.8
FAIRFIELD,6,2017,1021159.75
FAIRFIELD,7,2017,1216666.67
FAIRFIELD,8,2017,930000
FAIRFIELD,9,2017,1170051.2
FAWKNER,2,2016,645000
FAWKNER,4,2016,627864
FAWKNER,5,2016,581802.55
FAWKNER,6,2016,582455.6
FAWKNER,7,2016,576840.25
FAWKNER,8,2016,580208
FAWKNER,9,2016,638175.43
FAWKNER,10,2016,558427.75
FAWKNER,11,2016,624941.88
FAWKNER,12,2016,656892.8
FAWKNER,2,2017,711000
FAWKNER,3,2017,640375
FAWKNER,4,2017,615940.62
FAWKNER,5,2017,740681.62
FAWKNER,6,2017,740758.67
FAWKNER,7,2017,726600
FAWKNER,8,2017,743333.33
FAWKNER,9,2017,652354.5
FERNTREE GULLY,5,2017,643500
FERNTREE GULLY,6,2017,852100
FERNTREE GULLY,7,2017,887980.73
FERNTREE GULLY,8,2017,770166.67
FERNTREE GULLY,9,2017,788620
FITZROY,4,2016,1268608
FITZROY,5,2016,1057730
FITZROY,6,2016,853664.8
FITZROY,7,2016,1058828.75
FITZROY,8,2016,1595857.14
FITZROY,9,2016,1370728
FITZROY,11,2016,1438081.5
FITZROY,2,2017,364000
FITZROY,3,2017,1068882.67
FITZROY,4,2017,1188611.22
FITZROY,5,2017,1447925.93
FITZROY,6,2017,1364927.43
FITZROY,7,2017,641500
FITZROY,8,2017,1753487.31
FITZROY,9,2017,1561750
FITZROY NORTH,4,2016,1260286.4
FITZROY NORTH,5,2016,1780583.33
FITZROY NORTH,6,2016,767500
FITZROY NORTH,7,2016,1780733.33
FITZROY NORTH,8,2016,1104135.38
FITZROY NORTH,9,2016,1157662.89
FITZROY NORTH,10,2016,1254841.5
FITZROY NORTH,11,2016,1281622.17
FITZROY NORTH,12,2016,1249500
FITZROY NORTH,2,2017,1320558.5
FITZROY NORTH,3,2017,1142805.08
FITZROY NORTH,4,2017,1072073
FITZROY NORTH,5,2017,1227457.44
FITZROY NORTH,6,2017,1341847.43
FITZROY NORTH,7,2017,1186995.14
FITZROY NORTH,8,2017,1350135
FITZROY NORTH,9,2017,1406733.4
FLEMINGTON,4,2016,685333.33
FLEMINGTON,5,2016,1025833.33
FLEMINGTON,6,2016,722500
FLEMINGTON,7,2016,453000
FLEMINGTON,8,2016,1065809.2
FLEMINGTON,9,2016,895337.17
FLEMINGTON,10,2016,786500
FLEMINGTON,11,2016,672360.57
FLEMINGTON,12,2016,533250
FLEMINGTON,2,2017,509254
FLEMINGTON,3,2017,482500
FLEMINGTON,4,2017,854485.6
FLEMINGTON,5,2017,890375
FLEMINGTON,6,2017,1489130.75
FLEMINGTON,7,2017,752500
FLEMINGTON,8,2017,992652.4
FLEMINGTON,9,2017,907187.5
FOOTSCRAY,2,2016,216000
FOOTSCRAY,4,2016,612373
FOOTSCRAY,5,2016,622601.85
FOOTSCRAY,6,2016,615135.36
FOOTSCRAY,7,2016,725661.92
FOOTSCRAY,8,2016,754060.08
FOOTSCRAY,9,2016,580713.54
FOOTSCRAY,10,2016,648444.44
FOOTSCRAY,11,2016,683907.92
FOOTSCRAY,12,2016,865846.83
FOOTSCRAY,2,2017,674013.22
FOOTSCRAY,3,2017,593816.2
FOOTSCRAY,4,2017,894190.08
FOOTSCRAY,5,2017,702226.17
FOOTSCRAY,6,2017,624844.7
FOOTSCRAY,7,2017,685202.53
FOOTSCRAY,8,2017,816000
FOOTSCRAY,9,2017,593900.36
FOREST HILL,5,2017,886071.5
FOREST HILL,6,2017,982655.71
FOREST HILL,7,2017,1017755.63
FOREST HILL,8,2017,949077.86
FOREST HILL,9,2017,974247.73
FRANKSTON,5,2017,649756.4
FRANKSTON,6,2017,735515.11
FRANKSTON,7,2017,582532.4
FRANKSTON,8,2017,583000
FRANKSTON,9,2017,702600
FRANKSTON NORTH,6,2017,452000
FRANKSTON NORTH,7,2017,564500
FRANKSTON NORTH,8,2017,493000
FRANKSTON NORTH,9,2017,474500
FRANKSTON SOUTH,5,2017,1247377.8
FRANKSTON SOUTH,6,2017,860000
FRANKSTON SOUTH,7,2017,979666.67
FRANKSTON SOUTH,8,2017,1062428.57
FRANKSTON SOUTH,9,2017,1146333.33
GARDENVALE,5,2016,393000
GARDENVALE,6,2016,440000
GARDENVALE,8,2016,2200000
GARDENVALE,11,2016,595000
GARDENVALE,2,2017,1250000
GARDENVALE,4,2017,1250000
GISBORNE,5,2017,470000
GISBORNE,6,2017,621000
GISBORNE,7,2017,584666.67
GISBORNE,8,2017,775000
GISBORNE,9,2017,647366.6
GLADSTONE PARK,5,2017,668333.33
GLADSTONE PARK,6,2017,691800
GLADSTONE PARK,7,2017,659200
GLADSTONE PARK,8,2017,622825
GLADSTONE PARK,9,2017,654500
GLEN HUNTLY,5,2016,718125
GLEN HUNTLY,6,2016,561750
GLEN HUNTLY,7,2016,640000
GLEN HUNTLY,8,2016,2575000
GLEN HUNTLY,9,2016,612500
GLEN HUNTLY,10,2016,820333.33
GLEN HUNTLY,11,2016,820333.33
GLEN HUNTLY,12,2016,780000
GLEN HUNTLY,2,2017,542500
GLEN HUNTLY,3,2017,1711000
GLEN HUNTLY,4,2017,534750
GLEN HUNTLY,5,2017,521250
GLEN HUNTLY,6,2017,1880000
GLEN HUNTLY,7,2017,450000
GLEN HUNTLY,8,2017,442000
GLEN HUNTLY,9,2017,590935.17
GLEN IRIS,4,2016,1732183.2
GLEN IRIS,5,2016,1784125.5
GLEN IRIS,6,2016,1499693.67
GLEN IRIS,7,2016,1326899.58
GLEN IRIS,8,2016,1668100.53
GLEN IRIS,9,2016,1724711.36
GLEN IRIS,10,2016,1556856.8
GLEN IRIS,11,2016,1688363.67
GLEN IRIS,12,2016,1672982.75
GLEN IRIS,2,2017,1672224.31
GLEN IRIS,3,2017,1829573.19
GLEN IRIS,4,2017,1464348.75
GLEN IRIS,5,2017,1707549.3
GLEN IRIS,6,2017,1926305.05
GLEN IRIS,7,2017,1090678.18
GLEN IRIS,8,2017,1707477.46
GLEN IRIS,9,2017,1485344.75
GLEN WAVERLEY,5,2017,1205484
GLEN WAVERLEY,6,2017,1467769.64
GLEN WAVERLEY,7,2017,1304300.88
GLEN WAVERLEY,8,2017,1220833.83
GLEN WAVERLEY,9,2017,1347853.08
GLENROY,4,2016,529840.5
GLENROY,5,2016,550736.2
GLENROY,6,2016,614375.25
GLENROY,7,2016,596834.86
GLENROY,8,2016,631961.54
GLENROY,9,2016,603749.65
GLENROY,10,2016,580401.38
GLENROY,11,2016,596749.55
GLENROY,12,2016,662719.33
GLENROY,2,2017,622790
GLENROY,3,2017,660114.59
GLENROY,4,2017,726074.88
GLENROY,5,2017,697748.38
GLENROY,6,2017,692158.53
GLENROY,7,2017,664565.44
GLENROY,8,2017,669541.67
GLENROY,9,2017,719345.48
GOWANBRAE,4,2016,525000
GOWANBRAE,5,2016,713134
GOWANBRAE,6,2016,632500
GOWANBRAE,7,2016,730000
GOWANBRAE,8,2016,552000
GOWANBRAE,9,2016,593185.33
GOWANBRAE,11,2016,671250
GOWANBRAE,12,2016,550000
GOWANBRAE,2,2017,626000
GOWANBRAE,3,2017,660333.33
GOWANBRAE,4,2017,797000
GOWANBRAE,5,2017,990000
GOWANBRAE,6,2017,882500
GOWANBRAE,7,2017,900000
GOWANBRAE,8,2017,793000
GOWANBRAE,9,2017,740000
GREENSBOROUGH,5,2017,743113.75
GREENSBOROUGH,6,2017,927545.45
GREENSBOROUGH,7,2017,821384.57
GREENSBOROUGH,8,2017,788774.21
GREENSBOROUGH,9,2017,815647.76
GREENVALE,5,2017,735239.43
GREENVALE,6,2017,805050
GREENVALE,7,2017,645951.33
GREENVALE,8,2017,749000
GREENVALE,9,2017,747562.44
HADFIELD,4,2016,510000
HADFIELD,5,2016,519400
HADFIELD,6,2016,651289.88
HADFIELD,7,2016,559000
HADFIELD,8,2016,709193.25
HADFIELD,9,2016,624363.67
HADFIELD,10,2016,594666.67
HADFIELD,11,2016,682988.23
HADFIELD,12,2016,732431.67
HADFIELD,2,2017,816296
HADFIELD,3,2017,784591
HADFIELD,4,2017,755000
HADFIELD,5,2017,759693.25
HADFIELD,6,2017,747295.5
HADFIELD,7,2017,652971.63
HADFIELD,8,2017,751886.5
HADFIELD,9,2017,770000
HALLAM,6,2017,640500
HALLAM,7,2017,981250
HALLAM,9,2017,661000
HAMPTON,4,2016,1567103.5
HAMPTON,5,2016,1465414.14
HAMPTON,6,2016,1410475.59
HAMPTON,7,2016,1273172.43
HAMPTON,8,2016,1756874.64
HAMPTON,9,2016,1863512.94
HAMPTON,10,2016,1176051.75
HAMPTON,11,2016,1866218.44
HAMPTON,12,2016,1570670.39
HAMPTON,2,2017,1390932.13
HAMPTON,3,2017,1531357.14
HAMPTON,4,2017,1289232.67
HAMPTON,5,2017,1718804.04
HAMPTON,6,2017,1493471.13
HAMPTON,7,2017,1621558.89
HAMPTON,8,2017,1858062.71
HAMPTON,9,2017,1989286.26
HAMPTON EAST,4,2016,1225000
HAMPTON EAST,5,2016,1124444.8
HAMPTON EAST,6,2016,852704
HAMPTON EAST,7,2016,1235000
HAMPTON EAST,8,2016,1107793.09
HAMPTON EAST,9,2016,1321112
HAMPTON EAST,10,2016,1117224
HAMPTON EAST,11,2016,1047537.33
HAMPTON EAST,12,2016,1118048
HAMPTON EAST,2,2017,951436.4
HAMPTON EAST,3,2017,669500
HAMPTON EAST,4,2017,976614.43
HAMPTON EAST,5,2017,1222651
HAMPTON EAST,6,2017,1078500
HAMPTON EAST,7,2017,1069556
HAMPTON EAST,8,2017,1185963.25
HAMPTON EAST,9,2017,1022772.29
HAMPTON PARK,5,2017,561000
HAMPTON PARK,6,2017,547000
HAMPTON PARK,7,2017,511000
HAMPTON PARK,8,2017,642833.33
HAWTHORN,4,2016,1904850.6
HAWTHORN,5,2016,1288945.47
HAWTHORN,6,2016,1461775.19
HAWTHORN,7,2016,890500
HAWTHORN,8,2016,1576312.42
HAWTHORN,9,2016,1365962.19
HAWTHORN,10,2016,1359378.5
HAWTHORN,11,2016,1145551.94
HAWTHORN,12,2016,1527639.38
HAWTHORN,2,2017,1593212.17
HAWTHORN,3,2017,1586384.87
HAWTHORN,4,2017,538238.36
HAWTHORN,5,2017,1712910.91
HAWTHORN,6,2017,1702392.56
HAWTHORN,7,2017,870975.37
HAWTHORN,8,2017,1392198.21
HAWTHORN,9,2017,1483570.09
HAWTHORN EAST,4,2016,1493283.75
HAWTHORN EAST,5,2016,1741940.18
HAWTHORN EAST,6,2016,1585629.67
HAWTHORN EAST,7,2016,1461627.2
HAWTHORN EAST,8,2016,1313671.61
HAWTHORN EAST,9,2016,1543198.31
HAWTHORN EAST,10,2016,1359361.7
HAWTHORN EAST,11,2016,1366732.8
HAWTHORN EAST,12,2016,1328237.33
HAWTHORN EAST,2,2017,1134870.57
HAWTHORN EAST,3,2017,2026561.25
HAWTHORN EAST,4,2017,786827.09
HAWTHORN EAST,5,2017,1518458.65
HAWTHORN EAST,6,2017,1707913.31
HAWTHORN EAST,7,2017,973999.8
HAWTHORN EAST,8,2017,1201386.46
HAWTHORN EAST,9,2017,1905782.63
HEALESVILLE,7,2017,650000
HEATHMONT,6,2017,835233.33
HEATHMONT,7,2017,987301.67
HEATHMONT,8,2017,1094250
HEATHMONT,9,2017,921518.57
HEIDELBERG,4,2016,780000
HEIDELBERG,5,2016,862451.83
HEIDELBERG,6,2016,1053375
HEIDELBERG,7,2016,1152500
HEIDELBERG,8,2016,765000
HEIDELBERG,9,2016,1026403.46
HEIDELBERG,10,2016,577344
HEIDELBERG,11,2016,992897.56
HEIDELBERG,12,2016,693289
HEIDELBERG,2,2017,1036122.33
HEIDELBERG,3,2017,717618.8
HEIDELBERG,4,2017,898436.43
HEIDELBERG,5,2017,848836
HEIDELBERG,6,2017,986519.5
HEIDELBERG,7,2017,1063443
HEIDELBERG,8,2017,807500
HEIDELBERG,9,2017,1097500
HEIDELBERG HEIGHTS,4,2016,652000
HEIDELBERG HEIGHTS,5,2016,648325.14
HEIDELBERG HEIGHTS,6,2016,653435.2
HEIDELBERG HEIGHTS,7,2016,677166.67
HEIDELBERG HEIGHTS,8,2016,854879.33
HEIDELBERG HEIGHTS,9,2016,716500
HEIDELBERG HEIGHTS,11,2016,705526.86
HEIDELBERG HEIGHTS,12,2016,751012.8
HEIDELBERG HEIGHTS,2,2017,812093.75
HEIDELBERG HEIGHTS,3,2017,878666.67
HEIDELBERG HEIGHTS,4,2017,713197
HEIDELBERG HEIGHTS,5,2017,782786.67
HEIDELBERG HEIGHTS,6,2017,747783.56
HEIDELBERG HEIGHTS,7,2017,740000
HEIDELBERG HEIGHTS,8,2017,829786.22
HEIDELBERG HEIGHTS,9,2017,836197
HEIDELBERG WEST,4,2016,713125
HEIDELBERG WEST,5,2016,557361.11
HEIDELBERG WEST,6,2016,531791.75
HEIDELBERG WEST,7,2016,440500
HEIDELBERG WEST,8,2016,570000
HEIDELBERG WEST,9,2016,684519.83
HEIDELBERG WEST,10,2016,577810.5
HEIDELBERG WEST,11,2016,693750
HEIDELBERG WEST,12,2016,642475.4
HEIDELBERG WEST,2,2017,737400
HEIDELBERG WEST,3,2017,667510.67
HEIDELBERG WEST,4,2017,798000
HEIDELBERG WEST,5,2017,619915.78
HEIDELBERG WEST,6,2017,875000
HEIDELBERG WEST,7,2017,642444.44
HEIDELBERG WEST,8,2017,638550.8
HEIDELBERG WEST,9,2017,705333.33
HIGHETT,5,2017,1418131.5
HIGHETT,6,2017,1088108.1
HIGHETT,7,2017,1147900.94
HIGHETT,8,2017,1299444.44
HIGHETT,9,2017,1069958.33
HILLSIDE,5,2017,629500
HILLSIDE,6,2017,541666.67
HILLSIDE,7,2017,618975
HILLSIDE,8,2017,693509.33
HILLSIDE,9,2017,693928.57
HOPPERS CROSSING,5,2017,520319.27
HOPPERS CROSSING,6,2017,584065.57
HOPPERS CROSSING,7,2017,557132
HOPPERS CROSSING,8,2017,524389.22
HOPPERS CROSSING,9,2017,556944.41
HUGHESDALE,4,2016,455000
HUGHESDALE,5,2016,999438.67
HUGHESDALE,6,2016,648000
HUGHESDALE,7,2016,915000
HUGHESDALE,8,2016,1282666.67
HUGHESDALE,9,2016,1079620.86
HUGHESDALE,10,2016,1123831.6
HUGHESDALE,11,2016,1060100
HUGHESDALE,12,2016,1325343.75
HUGHESDALE,2,2017,1394173
HUGHESDALE,3,2017,855000
HUGHESDALE,4,2017,812666.67
HUGHESDALE,5,2017,1270165.43
HUGHESDALE,6,2017,865343.75
HUGHESDALE,7,2017,862666.67
HUGHESDALE,8,2017,1285052.67
HUGHESDALE,9,2017,1044750
HUNTINGDALE,6,2017,1119400
HUNTINGDALE,7,2017,870000
HUNTINGDALE,8,2017,1190000
HUNTINGDALE,9,2017,1142500
HURSTBRIDGE,8,2017,790000
IVANHOE,4,2016,721979.4
IVANHOE,5,2016,1170882.09
IVANHOE,6,2016,1417316.11
IVANHOE,7,2016,997105.33
IVANHOE,8,2016,1017014.5
IVANHOE,9,2016,1099112.15
IVANHOE,10,2016,1144754.86
IVANHOE,11,2016,1081579.12
IVANHOE,12,2016,747250
IVANHOE,2,2017,1296311.57
IVANHOE,3,2017,1550796.75
IVANHOE,4,2017,1338020.11
IVANHOE,5,2017,1289297.67
IVANHOE,6,2017,1189718.1
IVANHOE,7,2017,1569907.27
IVANHOE,8,2017,1157349.25
IVANHOE,9,2017,1222923.29
IVANHOE EAST,4,2016,1744182
IVANHOE EAST,5,2016,1858841
IVANHOE EAST,6,2016,1875000
IVANHOE EAST,7,2016,1085500
IVANHOE EAST,8,2016,1227500
IVANHOE EAST,10,2016,1840000
IVANHOE EAST,11,2016,2274000
IVANHOE EAST,12,2016,2295000
IVANHOE EAST,2,2017,2850000
IVANHOE EAST,5,2017,2041000
IVANHOE EAST,6,2017,1680272.8
IVANHOE EAST,7,2017,1880333.33
IVANHOE EAST,8,2017,2333333.33
IVANHOE EAST,9,2017,1471363.67
JACANA,2,2016,461000
JACANA,4,2016,352500
JACANA,5,2016,474166.67
JACANA,6,2016,475500
JACANA,7,2016,421000
JACANA,8,2016,398000
JACANA,9,2016,460000
JACANA,11,2016,495000
JACANA,12,2016,488600
JACANA,2,2017,611000
JACANA,3,2017,544000
JACANA,4,2017,536266.67
JACANA,5,2017,550875
JACANA,6,2017,556000
JACANA,7,2017,548114.29
JACANA,8,2017,545000
JACANA,9,2017,564650
KEALBA,5,2016,407500
KEALBA,6,2016,375500
KEALBA,7,2016,563500
KEALBA,8,2016,583333.33
KEALBA,9,2016,595364.5
KEALBA,10,2016,747500
KEALBA,11,2016,606000
KEALBA,12,2016,573500
KEALBA,3,2017,633455
KEALBA,4,2017,608000
KEALBA,5,2017,678500
KEALBA,6,2017,633455
KEALBA,7,2017,590000
KEALBA,9,2017,661000
KEILOR,5,2017,895000
KEILOR,6,2017,875000
KEILOR,7,2017,769750
KEILOR,8,2017,818500
KEILOR,9,2017,732833.33
KEILOR DOWNS,5,2017,617000
KEILOR DOWNS,6,2017,637157.14
KEILOR DOWNS,7,2017,649000
KEILOR DOWNS,8,2017,711800.2
KEILOR DOWNS,9,2017,700000
KEILOR EAST,4,2016,732500
KEILOR EAST,5,2016,688952.53
KEILOR EAST,6,2016,772784.62
KEILOR EAST,7,2016,827000
KEILOR EAST,8,2016,692508.44
KEILOR EAST,9,2016,730143.11
KEILOR EAST,10,2016,771250
KEILOR EAST,11,2016,816297.23
KEILOR EAST,12,2016,766357.33
KEILOR EAST,2,2017,600750
KEILOR EAST,3,2017,746687.5
KEILOR EAST,4,2017,816064
KEILOR EAST,5,2017,837424.25
KEILOR EAST,6,2017,1196521.25
KEILOR EAST,7,2017,909545.45
KEILOR EAST,8,2017,957136.36
KEILOR EAST,9,2017,908144.44
KEILOR LODGE,7,2017,640000
KEILOR LODGE,9,2017,680000
KEILOR PARK,5,2016,615666.67
KEILOR PARK,6,2016,544833.33
KEILOR PARK,7,2016,685000
KEILOR PARK,9,2016,475000
KEILOR PARK,10,2016,685000
KEILOR PARK,11,2016,558666.67
KEILOR PARK,12,2016,766000
KEILOR PARK,2,2017,843000
KEILOR PARK,3,2017,820500
KEILOR PARK,4,2017,716333.33
KEILOR PARK,5,2017,752500
KEILOR PARK,6,2017,680000
KEILOR PARK,7,2017,701000
KEILOR PARK,8,2017,821000
KEILOR PARK,9,2017,680000
KENSINGTON,4,2016,891750
KENSINGTON,5,2016,863216.88
KENSINGTON,6,2016,588995.36
KENSINGTON,7,2016,866500
KENSINGTON,8,2016,789158.83
KENSINGTON,9,2016,858714.1
KENSINGTON,10,2016,977517.63
KENSINGTON,11,2016,898035.9
KENSINGTON,12,2016,680794.88
KENSINGTON,2,2017,975873
KENSINGTON,3,2017,792000
KENSINGTON,4,2017,824654.92
KENSINGTON,5,2017,790611.11
KENSINGTON,6,2017,851296.85
KENSINGTON,7,2017,636739.93
KENSINGTON,8,2017,1034250
KENSINGTON,9,2017,891450
KEW,4,2016,1805286.25
KEW,5,2016,2046840.56
KEW,6,2016,1748761.67
KEW,7,2016,1299690.78
KEW,8,2016,1984799.38
KEW,9,2016,1920079.38
KEW,10,2016,1621432.69
KEW,11,2016,1923601.18
KEW,12,2016,1779377.17
KEW,2,2017,1781368
KEW,3,2017,2177499.57
KEW,4,2017,1478768.33
KEW,5,2017,1770039.22
KEW,6,2017,1717396.14
KEW,7,2017,1313336.42
KEW,8,2017,1877610
KEW,9,2017,2151629.8
KEW EAST,4,2016,2081000
KEW EAST,5,2016,1661121
KEW EAST,6,2016,1770000
KEW EAST,7,2016,1615972
KEW EAST,8,2016,1277996
KEW EAST,9,2016,1474301.23
KEW EAST,10,2016,1944600
KEW EAST,11,2016,1657947.13
KEW EAST,12,2016,2121166.5
KEW EAST,2,2017,1378718
KEW EAST,3,2017,2119261
KEW EAST,4,2017,1960750
KEW EAST,5,2017,1407460.91
KEW EAST,6,2017,2003243
KEW EAST,7,2017,1325990.67
KEW EAST,8,2017,1733049.33
KEW EAST,9,2017,1722324.93
KEYSBOROUGH,5,2017,1017200
KEYSBOROUGH,6,2017,748500
KEYSBOROUGH,7,2017,754200
KEYSBOROUGH,8,2017,930000
KEYSBOROUGH,9,2017,806933.33
KILSYTH,6,2017,721750
KILSYTH,7,2017,811000
KILSYTH,8,2017,764333.33
KILSYTH,9,2017,762000
KINGS PARK,5,2017,520000
KINGS PARK,6,2017,553600
KINGS PARK,7,2017,538333.33
KINGS PARK,8,2017,556800
KINGS PARK,9,2017,573300
KINGSBURY,5,2016,635000
KINGSBURY,6,2016,568500
KINGSBURY,7,2016,705500
KINGSBURY,8,2016,599000
KINGSBURY,10,2016,980000
KINGSBURY,11,2016,768722.25
KINGSBURY,12,2016,480000
KINGSBURY,2,2017,689000
KINGSBURY,3,2017,731000
KINGSBURY,5,2017,488000
KINGSBURY,6,2017,1025000.5
KINGSBURY,7,2017,672750
KINGSBURY,8,2017,900000
KINGSBURY,9,2017,632750
KINGSVILLE,5,2016,669000
KINGSVILLE,6,2016,1114226.67
KINGSVILLE,7,2016,720753.25
KINGSVILLE,8,2016,859812.5
KINGSVILLE,9,2016,892536
KINGSVILLE,10,2016,595000
KINGSVILLE,11,2016,998333.33
KINGSVILLE,12,2016,895440
KINGSVILLE,2,2017,1085000
KINGSVILLE,3,2017,834253.25
KINGSVILLE,4,2017,860000
KINGSVILLE,5,2017,1014500
KINGSVILLE,6,2017,964226.67
KINGSVILLE,7,2017,513892.5
KINGSVILLE,8,2017,735000
KINGSVILLE,9,2017,874063.33
KNOXFIELD,5,2017,1060466.67
KNOXFIELD,7,2017,1040000
KNOXFIELD,8,2017,749500
KOOYONG,9,2016,926667
KOOYONG,10,2016,1290000
KOOYONG,11,2016,1538416.75
KOOYONG,2,2017,2447500
KOOYONG,3,2017,1706000
KOOYONG,6,2017,1188000
KOOYONG,7,2017,926667
KOOYONG,8,2017,1950000
KURUNJANG,7,2017,355666.67
KURUNJANG,8,2017,373250
KURUNJANG,9,2017,296000
LALOR,5,2017,553000
LALOR,6,2017,582862.5
LALOR,7,2017,644312.5
LALOR,8,2017,628650
LALOR,9,2017,690409.09
LANGWARRIN,6,2017,400000
LANGWARRIN,7,2017,603125
LANGWARRIN,8,2017,757375
LANGWARRIN,9,2017,554650
LOWER PLENTY,5,2017,650000
LOWER PLENTY,7,2017,936000
LOWER PLENTY,8,2017,764000
LOWER PLENTY,9,2017,936000
MAIDSTONE,2,2016,1063500
MAIDSTONE,4,2016,616661.67
MAIDSTONE,5,2016,674000
MAIDSTONE,6,2016,572652.33
MAIDSTONE,7,2016,706250
MAIDSTONE,8,2016,631823.78
MAIDSTONE,9,2016,751356.07
MAIDSTONE,10,2016,699812.5
MAIDSTONE,11,2016,854663.33
MAIDSTONE,12,2016,652285.71
MAIDSTONE,2,2017,666250
MAIDSTONE,3,2017,628239.25
MAIDSTONE,4,2017,721017.75
MAIDSTONE,5,2017,726918.5
MAIDSTONE,6,2017,717871.25
MAIDSTONE,7,2017,709683.42
MAIDSTONE,8,2017,672062.5
MAIDSTONE,9,2017,710065.29
MALVERN,4,2016,1437000
MALVERN,5,2016,1724318.5
MALVERN,6,2016,1905099.83
MALVERN,7,2016,1932232.11
MALVERN,8,2016,2723374.15
MALVERN,9,2016,1851407
MALVERN,10,2016,1136618.71
MALVERN,11,2016,1841384.81
MALVERN,12,2016,2561862.8
MALVERN,2,2017,2389282.64
MALVERN,3,2017,1904049.75
MALVERN,4,2017,1098481.33
MALVERN,5,2017,2060035.62
MALVERN,6,2017,2500948.31
MALVERN,7,2017,456500
MALVERN,8,2017,2098923.43
MALVERN,9,2017,1984944.29
MALVERN EAST,2,2016,350000
MALVERN EAST,4,2016,1347483.6
MALVERN EAST,5,2016,1463641.38
MALVERN EAST,6,2016,1352624.93
MALVERN EAST,7,2016,1420260.08
MALVERN EAST,8,2016,1655067.59
MALVERN EAST,9,2016,1286929.61
MALVERN EAST,10,2016,1499405.14
MALVERN EAST,11,2016,1395763.41
MALVERN EAST,12,2016,1841274.77
MALVERN EAST,2,2017,1632715.2
MALVERN EAST,3,2017,1516512.05
MALVERN EAST,4,2017,1508190.86
MALVERN EAST,5,2017,1582281.7
MALVERN EAST,6,2017,1947948.83
MALVERN EAST,7,2017,1338916.71
MALVERN EAST,8,2017,1867127.5
MALVERN EAST,9,2017,1542730
MARIBYRNONG,2,2016,560000
MARIBYRNONG,4,2016,827941
MARIBYRNONG,5,2016,737722.57
MARIBYRNONG,6,2016,773950
MARIBYRNONG,7,2016,644203.18
MARIBYRNONG,8,2016,769182.8
MARIBYRNONG,9,2016,869659.5
MARIBYRNONG,10,2016,916776.4
MARIBYRNONG,11,2016,742762.94
MARIBYRNONG,12,2016,649897
MARIBYRNONG,2,2017,888000
MARIBYRNONG,3,2017,797509.8
MARIBYRNONG,4,2017,879400
MARIBYRNONG,5,2017,913478.55
MARIBYRNONG,6,2017,885026.11
MARIBYRNONG,7,2017,789259.27
MARIBYRNONG,8,2017,1176911.7
MARIBYRNONG,9,2017,733965.18
MCKINNON,5,2017,1250000
MCKINNON,6,2017,1348951.43
MCKINNON,7,2017,1168000
MCKINNON,8,2017,1426614.29
MCKINNON,9,2017,1393100
MEADOW HEIGHTS,6,2017,467000
MEADOW HEIGHTS,7,2017,471858
MEADOW HEIGHTS,8,2017,535000
MEADOW HEIGHTS,9,2017,496643.8
MELBOURNE,2,2016,520000
MELBOURNE,4,2016,600250
MELBOURNE,5,2016,681033.35
MELBOURNE,6,2016,1028312.67
MELBOURNE,7,2016,693558.33
MELBOURNE,8,2016,481257.44
MELBOURNE,9,2016,675424.31
MELBOURNE,10,2016,590855.18
MELBOURNE,11,2016,618351.94
MELBOURNE,12,2016,665802.33
MELBOURNE,2,2017,871938
MELBOURNE,3,2017,869789.89
MELBOURNE,4,2017,813543
MELBOURNE,5,2017,710214.29
MELBOURNE,6,2017,701103.2
MELBOURNE,7,2017,599581.4
MELBOURNE,8,2017,645604.67
MELBOURNE,9,2017,730051.25
MELTON,5,2017,295000
MELTON,6,2017,400514.4
MELTON,7,2017,422457.2
MELTON,8,2017,481333.33
MELTON,9,2017,408800
MELTON SOUTH,5,2017,347500
MELTON SOUTH,6,2017,392118
MELTON SOUTH,7,2017,362314.08
MELTON SOUTH,8,2017,398333.33
MELTON SOUTH,9,2017,385983.2
MELTON WEST,5,2017,410000
MELTON WEST,6,2017,377500
MELTON WEST,7,2017,420529.25
MELTON WEST,8,2017,600000
MELTON WEST,9,2017,432773.86
MENTONE,5,2017,1247500
MENTONE,6,2017,816100
MENTONE,7,2017,950400
MENTONE,8,2017,1147850
MENTONE,9,2017,902714.29
MERNDA,5,2017,730000
MERNDA,6,2017,546927
MERNDA,7,2017,655727.63
MERNDA,8,2017,630400
MERNDA,9,2017,605723.14
MICKLEHAM,7,2017,570000
MICKLEHAM,9,2017,450000
MIDDLE PARK,4,2016,1321206.33
MIDDLE PARK,5,2016,1020000
MIDDLE PARK,6,2016,2250333.33
MIDDLE PARK,7,2016,2366746
MIDDLE PARK,8,2016,1800000
MIDDLE PARK,9,2016,4500000
MIDDLE PARK,10,2016,1194769
MIDDLE PARK,11,2016,2375000
MIDDLE PARK,12,2016,2288500
MIDDLE PARK,2,2017,1920000
MIDDLE PARK,3,2017,2075384.5
MIDDLE PARK,4,2017,1747500
MIDDLE PARK,5,2017,2629723.8
MIDDLE PARK,6,2017,2485732.13
MIDDLE PARK,7,2017,2238619
MIDDLE PARK,8,2017,2603333.33
MIDDLE PARK,9,2017,2359055.43
MILL PARK,5,2017,619625
MILL PARK,6,2017,619027.69
MILL PARK,7,2017,675019.26
MILL PARK,8,2017,557240.5
MILL PARK,9,2017,663079.1
MITCHAM,5,2017,895886.38
MITCHAM,6,2017,1046552.09
MITCHAM,7,2017,964777.78
MITCHAM,8,2017,896780
MITCHAM,9,2017,1040994.94
MONT ALBERT,2,2016,750000
MONT ALBERT,5,2016,1114204.33
MONT ALBERT,6,2016,1720700
MONT ALBERT,7,2016,908000
MONT ALBERT,8,2016,1857353
MONT ALBERT,9,2016,1570975
MONT ALBERT,10,2016,1268333.33
MONT ALBERT,11,2016,1555387.5
MONT ALBERT,12,2016,1169495.2
MONT ALBERT,2,2017,3079706
MONT ALBERT,3,2017,2039497.67
MONT ALBERT,4,2017,1316955.2
MONT ALBERT,5,2017,1457041.67
MONT ALBERT,6,2017,1746266.67
MONT ALBERT,7,2017,1789295.2
MONT ALBERT,8,2017,1929706
MONT ALBERT,9,2017,1485365.22
MONTMORENCY,5,2017,960750
MONTMORENCY,6,2017,699000
MONTMORENCY,7,2017,921306.4
MONTMORENCY,8,2017,841720
MONTMORENCY,9,2017,813250
MONTROSE,7,2017,735000
MOONEE PONDS,4,2016,1278000
MOONEE PONDS,5,2016,1037698.86
MOONEE PONDS,6,2016,1140430.33
MOONEE PONDS,7,2016,1010504.71
MOONEE PONDS,8,2016,906541.44
MOONEE PONDS,9,2016,934324.45
MOONEE PONDS,10,2016,1146079.73
MOONEE PONDS,11,2016,981782.54
MOONEE PONDS,12,2016,1241992.33
MOONEE PONDS,2,2017,1208333.33
MOONEE PONDS,3,2017,1212870.54
MOONEE PONDS,4,2017,1160222.81
MOONEE PONDS,5,2017,1377570.09
MOONEE PONDS,6,2017,989964.94
MOONEE PONDS,7,2017,1245242.33
MOONEE PONDS,8,2017,1135125
MOONEE PONDS,9,2017,1087860.4
MOORABBIN,2,2016,1417250
MOORABBIN,4,2016,910000
MOORABBIN,5,2016,974884.2
MOORABBIN,6,2016,996925
MOORABBIN,7,2016,824857.14
MOORABBIN,8,2016,919280.67
MOORABBIN,9,2016,962458.33
MOORABBIN,10,2016,935710.5
MOORABBIN,11,2016,863250
MOORABBIN,12,2016,988025
MOORABBIN,2,2017,1076312.5
MOORABBIN,3,2017,1073750
MOORABBIN,4,2017,1021405
MOORABBIN,5,2017,931750
MOORABBIN,6,2017,1190960.5
MOORABBIN,7,2017,1087500
MOORABBIN,8,2017,1087666.67
MOORABBIN,9,2017,1044375
MOOROOLBARK,6,2017,723350
MOOROOLBARK,7,2017,729898.86
MOOROOLBARK,8,2017,780908.4
MOOROOLBARK,9,2017,749010.5
MORDIALLOC,6,2017,981623.36
MORDIALLOC,7,2017,875666.67
MORDIALLOC,8,2017,1377000
MORDIALLOC,9,2017,903485.71
MOUNT EVELYN,6,2017,620000
MOUNT EVELYN,8,2017,515000
MOUNT WAVERLEY,5,2017,1292428.13
MOUNT WAVERLEY,6,2017,1241051.96
MOUNT WAVERLEY,7,2017,1444873.61
MOUNT WAVERLEY,8,2017,1457993.5
MOUNT WAVERLEY,9,2017,1388312.2
MULGRAVE,5,2017,1001304.5
MULGRAVE,6,2017,1010803.31
MULGRAVE,7,2017,1509784.06
MULGRAVE,8,2017,922333.33
MULGRAVE,9,2017,912083.33
MURRUMBEENA,2,2016,1206607
MURRUMBEENA,4,2016,963303.5
MURRUMBEENA,5,2016,1156633.3
MURRUMBEENA,6,2016,1038439.36
MURRUMBEENA,7,2016,921125
MURRUMBEENA,8,2016,1075215.56
MURRUMBEENA,9,2016,632571.5
MURRUMBEENA,10,2016,864857.2
MURRUMBEENA,11,2016,1060000
MURRUMBEENA,12,2016,1146816.17
MURRUMBEENA,2,2017,1046000
MURRUMBEENA,3,2017,1048767.83
MURRUMBEENA,4,2017,713761.11
MURRUMBEENA,5,2017,1157161.67
MURRUMBEENA,6,2017,1017797.57
MURRUMBEENA,7,2017,1073961.09
MURRUMBEENA,8,2017,1237803.5
MURRUMBEENA,9,2017,1040255.18
NARRE WARREN,5,2017,736167
NARRE WARREN,6,2017,581250
NARRE WARREN,7,2017,617232
NARRE WARREN,8,2017,612500
NARRE WARREN,9,2017,763222.33
NEW GISBORNE,9,2017,690000
NEWPORT,4,2016,743714.29
NEWPORT,5,2016,1030425.27
NEWPORT,6,2016,963942.92
NEWPORT,7,2016,871536.75
NEWPORT,8,2016,1213720.44
NEWPORT,9,2016,956540.82
NEWPORT,10,2016,906143.78
NEWPORT,11,2016,998736.79
NEWPORT,12,2016,924666.67
NEWPORT,2,2017,1088571.43
NEWPORT,3,2017,946032.67
NEWPORT,4,2017,1201688.9
NEWPORT,5,2017,1254562.69
NEWPORT,6,2017,1063699
NEWPORT,7,2017,867533.25
NEWPORT,8,2017,942847.25
NEWPORT,9,2017,1083991.44
NIDDRIE,4,2016,963000
NIDDRIE,5,2016,897246.45
NIDDRIE,6,2016,784205.22
NIDDRIE,7,2016,741916.67
NIDDRIE,8,2016,1002500
NIDDRIE,9,2016,959062.5
NIDDRIE,10,2016,727500
NIDDRIE,11,2016,943300
NIDDRIE,12,2016,906333.33
NIDDRIE,2,2017,809950
NIDDRIE,3,2017,1197000
NIDDRIE,4,2017,1002142.86
NIDDRIE,5,2017,889100
NIDDRIE,6,2017,1328569.4
NIDDRIE,7,2017,979000
NIDDRIE,8,2017,1165141.17
NIDDRIE,9,2017,1137888.89
NOBLE PARK,5,2017,715883.33
NOBLE PARK,6,2017,681323.33
NOBLE PARK,7,2017,634584.67
NOBLE PARK,8,2017,585772.75
NOBLE PARK,9,2017,574314.6
NORTH MELBOURNE,4,2016,793598
NORTH MELBOURNE,5,2016,781344.86
NORTH MELBOURNE,6,2016,1016250
NORTH MELBOURNE,7,2016,596857
NORTH MELBOURNE,8,2016,756034.5
NORTH MELBOURNE,9,2016,1282525
NORTH MELBOURNE,10,2016,993187.5
NORTH MELBOURNE,11,2016,624111.07
NORTH MELBOURNE,12,2016,708553.5
NORTH MELBOURNE,2,2017,1064931.33
NORTH MELBOURNE,3,2017,1003000
NORTH MELBOURNE,4,2017,729566.67
NORTH MELBOURNE,5,2017,1408948.5
NORTH MELBOURNE,6,2017,744569.78
NORTH MELBOURNE,7,2017,742533.33
NORTH MELBOURNE,8,2017,1061829.33
NORTH MELBOURNE,9,2017,973870.43
NORTH WARRANDYTE,6,2017,1550000
NORTH WARRANDYTE,9,2017,902000
NORTHCOTE,2,2016,882474
NORTHCOTE,4,2016,1271000
NORTHCOTE,5,2016,1189890.86
NORTHCOTE,6,2016,1352909.63
NORTHCOTE,7,2016,1590570.91
NORTHCOTE,8,2016,1250894.17
NORTHCOTE,9,2016,1139151.93
NORTHCOTE,10,2016,1295418.8
NORTHCOTE,11,2016,1260668
NORTHCOTE,12,2016,1154601.64
NORTHCOTE,2,2017,977329
NORTHCOTE,3,2017,1281496.27
NORTHCOTE,4,2017,1059594.15
NORTHCOTE,5,2017,1356676.1
NORTHCOTE,6,2017,1096805.71
NORTHCOTE,7,2017,1214721.53
NORTHCOTE,8,2017,1284182
NORTHCOTE,9,2017,1238706.49
NOTTING HILL,6,2017,840000
NOTTING HILL,7,2017,1211000
NOTTING HILL,8,2017,1001000
NOTTING HILL,9,2017,1164500
NUNAWADING,5,2017,1194000
NUNAWADING,6,2017,1040214.31
NUNAWADING,7,2017,957287.25
NUNAWADING,8,2017,1011737.29
NUNAWADING,9,2017,946547.67
OAK PARK,4,2016,728179.67
OAK PARK,5,2016,799561.17
OAK PARK,6,2016,785400
OAK PARK,7,2016,752750
OAK PARK,8,2016,689419.71
OAK PARK,9,2016,694295.33
OAK PARK,10,2016,745565.67
OAK PARK,11,2016,832288.22
OAK PARK,12,2016,723421
OAK PARK,2,2017,872769.5
OAK PARK,3,2017,967750
OAK PARK,4,2017,781299.25
OAK PARK,5,2017,1023833.33
OAK PARK,6,2017,838937.73
OAK PARK,7,2017,934333.33
OAK PARK,8,2017,928000
OAK PARK,9,2017,860500
OAKLEIGH,4,2016,995167
OAKLEIGH,5,2016,837500
OAKLEIGH,6,2016,823833.38
OAKLEIGH,7,2016,838533.25
OAKLEIGH,8,2016,703250
OAKLEIGH,9,2016,1016345.75
OAKLEIGH,10,2016,884069.5
OAKLEIGH,11,2016,1158569.64
OAKLEIGH,2,2017,1243566.5
OAKLEIGH,3,2017,975733.4
OAKLEIGH,4,2017,1717500
OAKLEIGH,5,2017,1121285.71
OAKLEIGH,6,2017,1493000
OAKLEIGH,7,2017,1323389
OAKLEIGH,8,2017,1216666.67
OAKLEIGH,9,2017,974402.83
OAKLEIGH EAST,5,2017,1102000
OAKLEIGH EAST,6,2017,1046444.5
OAKLEIGH EAST,7,2017,941666.67
OAKLEIGH EAST,8,2017,905000
OAKLEIGH EAST,9,2017,1102666.67
OAKLEIGH SOUTH,2,2016,876000
OAKLEIGH SOUTH,5,2016,858857.8
OAKLEIGH SOUTH,6,2016,791679.67
OAKLEIGH SOUTH,7,2016,901211.75
OAKLEIGH SOUTH,8,2016,1144250
OAKLEIGH SOUTH,9,2016,886812.5
OAKLEIGH SOUTH,10,2016,979250
OAKLEIGH SOUTH,11,2016,917988.94
OAKLEIGH SOUTH,12,2016,1101750
OAKLEIGH SOUTH,2,2017,1046133.4
OAKLEIGH SOUTH,3,2017,1089757.8
OAKLEIGH SOUTH,4,2017,988724.63
OAKLEIGH SOUTH,5,2017,1103322.25
OAKLEIGH SOUTH,6,2017,1154921
OAKLEIGH SOUTH,7,2017,1018487.91
OAKLEIGH SOUTH,8,2017,966639.6
OAKLEIGH SOUTH,9,2017,1090901
OFFICER,7,2017,559000
ORMOND,2,2016,250000
ORMOND,4,2016,990700
ORMOND,5,2016,727666.67
ORMOND,6,2016,1133400
ORMOND,7,2016,792000
ORMOND,8,2016,1250714.29
ORMOND,9,2016,1348626.88
ORMOND,10,2016,1414285.71
ORMOND,11,2016,1113722.22
ORMOND,12,2016,1392217
ORMOND,2,2017,960333.33
ORMOND,3,2017,1369534.29
ORMOND,4,2017,1194360
ORMOND,5,2017,1311407.78
ORMOND,6,2017,647000
ORMOND,7,2017,727440.83
ORMOND,8,2017,1143838.5
ORMOND,9,2017,1293644.44
PAKENHAM,5,2017,488200
PAKENHAM,6,2017,460250
PAKENHAM,7,2017,539250
PAKENHAM,8,2017,442000
PARKDALE,5,2017,1386500
PARKDALE,6,2017,1179629.67
PARKDALE,7,2017,1071493.11
PARKDALE,8,2017,1162714.29
PARKDALE,9,2017,968192
PARKVILLE,4,2016,436562
PARKVILLE,5,2016,1340000
PARKVILLE,6,2016,2118464.5
PARKVILLE,7,2016,638000
PARKVILLE,8,2016,1147650
PARKVILLE,9,2016,1579000
PARKVILLE,10,2016,1029900
PARKVILLE,11,2016,1276916.67
PARKVILLE,12,2016,1360000
PARKVILLE,2,2017,637890
PARKVILLE,4,2017,500000
PARKVILLE,5,2017,2120200
PARKVILLE,6,2017,1250225
PARKVILLE,7,2017,965280
PARKVILLE,8,2017,1130560
PASCOE VALE,4,2016,672535.11
PASCOE VALE,5,2016,613384
PASCOE VALE,6,2016,657452.73
PASCOE VALE,7,2016,675573.85
PASCOE VALE,8,2016,636065.41
PASCOE VALE,9,2016,759126.86
PASCOE VALE,10,2016,808301.45
PASCOE VALE,11,2016,806938.58
PASCOE VALE,12,2016,783467.67
PASCOE VALE,2,2017,750806.2
PASCOE VALE,3,2017,881859.75
PASCOE VALE,4,2017,789794.22
PASCOE VALE,5,2017,742528.93
PASCOE VALE,6,2017,809014.58
PASCOE VALE,7,2017,808737.38
PASCOE VALE,8,2017,695851.76
PASCOE VALE,9,2017,795482.74
PATTERSON LAKES,6,2017,670000
PATTERSON LAKES,8,2017,670000
PATTERSON LAKES,9,2017,670000
PLUMPTON,9,2017,625500
POINT COOK,5,2017,686000
POINT COOK,6,2017,645689.4
POINT COOK,7,2017,663120.2
POINT COOK,8,2017,620600
POINT COOK,9,2017,666631.55
PORT MELBOURNE,2,2016,550000
PORT MELBOURNE,4,2016,1183750.56
PORT MELBOURNE,5,2016,1171272.46
PORT MELBOURNE,6,2016,1071209.77
PORT MELBOURNE,7,2016,1310857
PORT MELBOURNE,8,2016,1015216.09
PORT MELBOURNE,9,2016,1139587.67
PORT MELBOURNE,10,2016,1326166.5
PORT MELBOURNE,11,2016,1214239.75
PORT MELBOURNE,12,2016,1416986.29
PORT MELBOURNE,2,2017,1381707
PORT MELBOURNE,3,2017,1320490.14
PORT MELBOURNE,4,2017,1335130.9
PORT MELBOURNE,5,2017,1281866.33
PORT MELBOURNE,6,2017,1194655.25
PORT MELBOURNE,7,2017,1361114.18
PORT MELBOURNE,8,2017,1591273.64
PORT MELBOURNE,9,2017,1371851.31
PRAHRAN,4,2016,1113061.56
PRAHRAN,5,2016,1311823.24
PRAHRAN,6,2016,1024994.82
PRAHRAN,7,2016,1262841.86
PRAHRAN,8,2016,888014.47
PRAHRAN,9,2016,1042855.58
PRAHRAN,10,2016,1144650.6
PRAHRAN,11,2016,1140444.3
PRAHRAN,12,2016,1145032.18
PRAHRAN,2,2017,1352289.5
PRAHRAN,3,2017,1123231.96
PRAHRAN,4,2017,1138764.18
PRAHRAN,5,2017,1060799.41
PRAHRAN,6,2017,1235648.67
PRAHRAN,7,2017,766402.55
PRAHRAN,8,2017,1480840
PRAHRAN,9,2017,1315460.37
PRESTON,4,2016,947505.67
PRESTON,5,2016,881597.22
PRESTON,6,2016,825389.58
PRESTON,7,2016,690428.56
PRESTON,8,2016,837081.05
PRESTON,9,2016,882388.89
PRESTON,10,2016,866001.7
PRESTON,11,2016,817188.28
PRESTON,12,2016,863873.86
PRESTON,2,2017,664166.67
PRESTON,3,2017,866035.45
PRESTON,4,2017,950992.92
PRESTON,5,2017,889880
PRESTON,6,2017,928745.25
PRESTON,7,2017,846219.14
PRESTON,8,2017,932236.53
PRESTON,9,2017,810251.89
PRINCES HILL,5,2016,1908000
PRINCES HILL,11,2016,1712000
PRINCES HILL,5,2017,1550000
PRINCES HILL,6,2017,1900000
PRINCES HILL,7,2017,1930000
PRINCES HILL,8,2017,1632000
PRINCES HILL,9,2017,1908000
RESERVOIR,4,2016,601525.67
RESERVOIR,5,2016,630947.05
RESERVOIR,6,2016,611878.3
RESERVOIR,7,2016,625391.53
RESERVOIR,8,2016,620756.56
RESERVOIR,9,2016,643248.37
RESERVOIR,10,2016,649052.68
RESERVOIR,11,2016,674621.44
RESERVOIR,12,2016,632057.04
RESERVOIR,2,2017,647686.68
RESERVOIR,3,2017,746401.6
RESERVOIR,4,2017,719100
RESERVOIR,5,2017,697829.48
RESERVOIR,6,2017,754593.97
RESERVOIR,7,2017,720217.34
RESERVOIR,8,2017,742418.09
RESERVOIR,9,2017,762333.53
RICHMOND,2,2016,986945
RICHMOND,4,2016,1223453.67
RICHMOND,5,2016,1054692.59
RICHMOND,6,2016,1000376.48
RICHMOND,7,2016,951538.6
RICHMOND,8,2016,1021920.54
RICHMOND,9,2016,1057379.77
RICHMOND,10,2016,1007617.8
RICHMOND,11,2016,1058908.05
RICHMOND,12,2016,1360380.07
RICHMOND,2,2017,1224125
RICHMOND,3,2017,1148725
RICHMOND,4,2017,1016730.47
RICHMOND,5,2017,1062432.48
RICHMOND,6,2017,1053344.96
RICHMOND,7,2017,1036717.29
RICHMOND,8,2017,1135360.94
RICHMOND,9,2017,1211970.74
RIDDELLS CREEK,6,2017,892250
RINGWOOD,5,2017,938066.67
RINGWOOD,6,2017,854331.8
RINGWOOD,7,2017,994046.55
RINGWOOD,8,2017,871317.67
RINGWOOD,9,2017,954216.58
RINGWOOD EAST,5,2017,609000
RINGWOOD EAST,6,2017,1010025
RINGWOOD EAST,7,2017,933354.17
RINGWOOD EAST,8,2017,969000
RINGWOOD EAST,9,2017,935531.25
RINGWOOD NORTH,5,2017,957500
RINGWOOD NORTH,6,2017,820333.33
RINGWOOD NORTH,7,2017,927500
RINGWOOD NORTH,8,2017,888500
RINGWOOD NORTH,9,2017,1099933.2
RIPPONLEA,5,2016,562500
RIPPONLEA,6,2016,755000
RIPPONLEA,11,2016,861333.33
RIPPONLEA,3,2017,609125
RIPPONLEA,6,2017,1005000
RIPPONLEA,7,2017,558500
RIPPONLEA,9,2017,655000
ROSANNA,4,2016,705000
ROSANNA,5,2016,869553.84
ROSANNA,6,2016,924691.17
ROSANNA,7,2016,907617.25
ROSANNA,8,2016,1005933.63
ROSANNA,9,2016,944647.58
ROSANNA,10,2016,710323.5
ROSANNA,11,2016,1016248.89
ROSANNA,12,2016,897696.57
ROSANNA,2,2017,856750
ROSANNA,3,2017,839208.25
ROSANNA,4,2017,970895.75
ROSANNA,5,2017,1072289.33
ROSANNA,6,2017,861933.43
ROSANNA,7,2017,1047893.8
ROSANNA,8,2017,1150710.4
ROSANNA,9,2017,1136775.17
ROWVILLE,6,2017,940700
ROWVILLE,7,2017,881918.44
ROWVILLE,8,2017,937500
ROWVILLE,9,2017,941750
ROXBURGH PARK,5,2017,582389
ROXBURGH PARK,6,2017,478812.5
ROXBURGH PARK,7,2017,463028.57
ROXBURGH PARK,8,2017,510250
ROXBURGH PARK,9,2017,494503.42
SANDHURST,6,2017,645000
SANDHURST,9,2017,665000
SANDRINGHAM,5,2017,1183721.2
SANDRINGHAM,6,2017,1646714.29
SANDRINGHAM,7,2017,1177785.71
SANDRINGHAM,8,2017,1695339.29
SANDRINGHAM,9,2017,1775925
SCORESBY,5,2017,898450
SCORESBY,6,2017,916750
SCORESBY,7,2017,1053333.33
SCORESBY,8,2017,880000
SCORESBY,9,2017,956000
SEABROOK,6,2017,515000
SEABROOK,7,2017,632500
SEAFORD,5,2017,775666.67
SEAFORD,6,2017,721500
SEAFORD,7,2017,704697
SEAFORD,8,2017,575666.67
SEAFORD,9,2017,770000
SEAHOLME,4,2016,1050000
SEAHOLME,5,2016,950000
SEAHOLME,6,2016,925000
SEAHOLME,8,2016,860000
SEAHOLME,9,2016,1415000
SEAHOLME,2,2017,2000000
SEAHOLME,6,2017,1360000
SEDDON,4,2016,1062184.8
SEDDON,5,2016,1028598.5
SEDDON,6,2016,1025419.67
SEDDON,7,2016,825500
SEDDON,8,2016,764333.33
SEDDON,9,2016,774166.67
SEDDON,10,2016,974251.8
SEDDON,11,2016,1072654
SEDDON,12,2016,1073212
SEDDON,2,2017,1046462
SEDDON,3,2017,1092820.67
SEDDON,5,2017,921151.55
SEDDON,6,2017,1058543.17
SEDDON,7,2017,857750
SEDDON,8,2017,1420600
SEDDON,9,2017,924600
SKYE,6,2017,555698
SKYE,7,2017,640000
SOUTH KINGSVILLE,4,2016,915000
SOUTH KINGSVILLE,6,2016,827416.67
SOUTH KINGSVILLE,7,2016,420000
SOUTH KINGSVILLE,8,2016,583000
SOUTH KINGSVILLE,9,2016,704479.33
SOUTH KINGSVILLE,11,2016,726239.67
SOUTH KINGSVILLE,2,2017,508000
SOUTH KINGSVILLE,3,2017,922500
SOUTH KINGSVILLE,4,2017,632179.75
SOUTH KINGSVILLE,5,2017,851200
SOUTH KINGSVILLE,6,2017,790000
SOUTH KINGSVILLE,7,2017,730000
SOUTH KINGSVILLE,8,2017,922500
SOUTH KINGSVILLE,9,2017,1124000
SOUTH MELBOURNE,4,2016,1171400
SOUTH MELBOURNE,5,2016,1228115.58
SOUTH MELBOURNE,6,2016,1189340.33
SOUTH MELBOURNE,7,2016,625000
SOUTH MELBOURNE,8,2016,1060919
SOUTH MELBOURNE,9,2016,1331613.91
SOUTH MELBOURNE,10,2016,1414333.33
SOUTH MELBOURNE,11,2016,1134971.1
SOUTH MELBOURNE,12,2016,1449926.44
SOUTH MELBOURNE,2,2017,1325000
SOUTH MELBOURNE,3,2017,1248483.86
SOUTH MELBOURNE,4,2017,1013954.9
SOUTH MELBOURNE,5,2017,1903298.71
SOUTH MELBOURNE,6,2017,1351947.1
SOUTH MELBOURNE,7,2017,1608639.67
SOUTH MELBOURNE,8,2017,1655384.09
SOUTH MELBOURNE,9,2017,1090769.23
SOUTH MORANG,5,2017,380000
SOUTH MORANG,6,2017,655388.89
SOUTH MORANG,7,2017,653772.68
SOUTH MORANG,8,2017,595819.67
SOUTH MORANG,9,2017,609156.42
SOUTH YARRA,4,2016,997781
SOUTH YARRA,5,2016,953398.27
SOUTH YARRA,6,2016,900420.68
SOUTH YARRA,7,2016,542375
SOUTH YARRA,8,2016,936750.71
SOUTH YARRA,9,2016,1044268.82
SOUTH YARRA,10,2016,1225128.79
SOUTH YARRA,11,2016,1413514.7
SOUTH YARRA,12,2016,1065170.61
SOUTH YARRA,2,2017,935649.62
SOUTH YARRA,3,2017,1176965.96
SOUTH YARRA,4,2017,1147788.77
SOUTH YARRA,5,2017,1257740.48
SOUTH YARRA,6,2017,1071551.72
SOUTH YARRA,7,2017,844384.24
SOUTH YARRA,8,2017,778624.92
SOUTH YARRA,9,2017,1074007.7
SOUTHBANK,2,2016,423500
SOUTHBANK,4,2016,644666.67
SOUTHBANK,5,2016,638814.89
SOUTHBANK,6,2016,620600
SOUTHBANK,7,2016,661250
SOUTHBANK,8,2016,513229.25
SOUTHBANK,9,2016,672800
SOUTHBANK,11,2016,832000
SOUTHBANK,2,2017,527208.5
SOUTHBANK,3,2017,554875
SOUTHBANK,4,2017,560000
SOUTHBANK,5,2017,594854.25
SOUTHBANK,6,2017,573569.5
SOUTHBANK,7,2017,665708.5
SOUTHBANK,8,2017,612208.5
SOUTHBANK,9,2017,487750
SPOTSWOOD,4,2016,831000
SPOTSWOOD,5,2016,832500
SPOTSWOOD,6,2016,977333.33
SPOTSWOOD,7,2016,1016000
SPOTSWOOD,8,2016,863250
SPOTSWOOD,9,2016,948750
SPOTSWOOD,10,2016,850000
SPOTSWOOD,11,2016,978240
SPOTSWOOD,12,2016,1130600
SPOTSWOOD,2,2017,968000
SPOTSWOOD,3,2017,760875
SPOTSWOOD,4,2017,786666.67
SPOTSWOOD,5,2017,1021457.2
SPOTSWOOD,6,2017,750643
SPOTSWOOD,7,2017,997000
SPOTSWOOD,8,2017,782833.33
SPOTSWOOD,9,2017,1240000
SPRINGVALE,5,2017,784050
SPRINGVALE,6,2017,692333.33
SPRINGVALE,7,2017,780092.86
SPRINGVALE,8,2017,784050
SPRINGVALE,9,2017,735500
SPRINGVALE SOUTH,7,2017,712500
SPRINGVALE SOUTH,8,2017,750000
SPRINGVALE SOUTH,9,2017,725000
ST ALBANS,5,2017,674112.4
ST ALBANS,6,2017,553573.67
ST ALBANS,7,2017,592040.14
ST ALBANS,8,2017,580360.46
ST ALBANS,9,2017,605042.88
ST HELENA,5,2017,1387000
ST HELENA,7,2017,805000
ST HELENA,9,2017,897000
ST KILDA,2,2016,694391
ST KILDA,4,2016,532375
ST KILDA,5,2016,675118.72
ST KILDA,6,2016,724355.04
ST KILDA,7,2016,671282.25
ST KILDA,8,2016,623538.46
ST KILDA,9,2016,1111376.04
ST KILDA,10,2016,630916.67
ST KILDA,11,2016,892935.85
ST KILDA,12,2016,1079626.78
ST KILDA,2,2017,841853.23
ST KILDA,3,2017,1249102.39
ST KILDA,4,2017,966837.2
ST KILDA,5,2017,885175.67
ST KILDA,6,2017,901306.4
ST KILDA,7,2017,566977
ST KILDA,8,2017,809627.64
ST KILDA,9,2017,1058714.65
STRATHMORE,2,2016,1500000
STRATHMORE,4,2016,1021250
STRATHMORE,5,2016,1177857.14
STRATHMORE,6,2016,1138635
STRATHMORE,7,2016,1119098
STRATHMORE,8,2016,1073382.8
STRATHMORE,9,2016,1169248.33
STRATHMORE,10,2016,1014531.67
STRATHMORE,11,2016,1385833.33
STRATHMORE,12,2016,1259698
STRATHMORE,2,2017,1276333.33
STRATHMORE,3,2017,1137500
STRATHMORE,4,2017,1002282.86
STRATHMORE,5,2017,1062425.5
STRATHMORE,6,2017,1289750
STRATHMORE,7,2017,1109070
STRATHMORE,8,2017,1643200
STRATHMORE,9,2017,1213855.56
STRATHMORE HEIGHTS,5,2016,853333.33
STRATHMORE HEIGHTS,6,2016,655000
STRATHMORE HEIGHTS,8,2016,780000
STRATHMORE HEIGHTS,9,2016,1260000
STRATHMORE HEIGHTS,11,2016,931999
STRATHMORE HEIGHTS,8,2017,1000000
SUNBURY,5,2017,477500
SUNBURY,6,2017,510010.86
SUNBURY,7,2017,490509.5
SUNBURY,8,2017,545552.36
SUNBURY,9,2017,549118.42
SUNSHINE,4,2016,643202.33
SUNSHINE,5,2016,635192.31
SUNSHINE,6,2016,599100
SUNSHINE,7,2016,598163.5
SUNSHINE,8,2016,708521.67
SUNSHINE,9,2016,575990.75
SUNSHINE,10,2016,725928.57
SUNSHINE,11,2016,698900.37
SUNSHINE,12,2016,757875.71
SUNSHINE,2,2017,779267.83
SUNSHINE,3,2017,788227.27
SUNSHINE,4,2017,752508.92
SUNSHINE,5,2017,907000
SUNSHINE,6,2017,750592.13
SUNSHINE,7,2017,744125
SUNSHINE,8,2017,695000
SUNSHINE,9,2017,733510
SUNSHINE NORTH,4,2016,689240
SUNSHINE NORTH,5,2016,631597.64
SUNSHINE NORTH,6,2016,568802.5
SUNSHINE NORTH,7,2016,539614.8
SUNSHINE NORTH,8,2016,596222.22
SUNSHINE NORTH,9,2016,596400
SUNSHINE NORTH,10,2016,599300
SUNSHINE NORTH,11,2016,724560
SUNSHINE NORTH,12,2016,668000
SUNSHINE NORTH,2,2017,611858
SUNSHINE NORTH,3,2017,649428.57
SUNSHINE NORTH,4,2017,622762.33
SUNSHINE NORTH,5,2017,672168
SUNSHINE NORTH,6,2017,625771.5
SUNSHINE NORTH,7,2017,581092.57
SUNSHINE NORTH,8,2017,559166.67
SUNSHINE NORTH,9,2017,648847.73
SUNSHINE WEST,4,2016,511025.67
SUNSHINE WEST,5,2016,549870.33
SUNSHINE WEST,6,2016,488100
SUNSHINE WEST,7,2016,581769.25
SUNSHINE WEST,8,2016,512188.82
SUNSHINE WEST,9,2016,521187.5
SUNSHINE WEST,10,2016,627019.25
SUNSHINE WEST,11,2016,571965.13
SUNSHINE WEST,12,2016,556230.78
SUNSHINE WEST,2,2017,726000
SUNSHINE WEST,3,2017,622644
SUNSHINE WEST,4,2017,556107.7
SUNSHINE WEST,5,2017,577240
SUNSHINE WEST,6,2017,557122.13
SUNSHINE WEST,7,2017,636980.79
SUNSHINE WEST,8,2017,616400
SUNSHINE WEST,9,2017,600628.22
SURREY HILLS,1,2016,1009000
SURREY HILLS,2,2016,930000
SURREY HILLS,4,2016,1551058.29
SURREY HILLS,5,2016,1454219.33
SURREY HILLS,6,2016,1637938.46
SURREY HILLS,7,2016,2050000
SURREY HILLS,8,2016,1912330.78
SURREY HILLS,9,2016,1573744.25
SURREY HILLS,10,2016,1480631.27
SURREY HILLS,11,2016,1470710.8
SURREY HILLS,12,2016,1719993.78
SURREY HILLS,2,2017,1346410.33
SURREY HILLS,3,2017,1500549
SURREY HILLS,4,2017,1985639
SURREY HILLS,5,2017,1526840.93
SURREY HILLS,6,2017,1657243.17
SURREY HILLS,7,2017,1587888.89
SURREY HILLS,8,2017,1869347.06
SURREY HILLS,9,2017,1760641
SYDENHAM,6,2017,471000
SYDENHAM,7,2017,590420
SYDENHAM,8,2017,629750
SYDENHAM,9,2017,580000
TARNEIT,5,2017,505000
TARNEIT,6,2017,550750
TARNEIT,7,2017,531872.18
TARNEIT,8,2017,496500
TARNEIT,9,2017,512312.5
TAYLORS HILL,5,2017,645000
TAYLORS HILL,6,2017,619000
TAYLORS HILL,7,2017,595250
TAYLORS HILL,8,2017,726000
TAYLORS HILL,9,2017,728333.33
TAYLORS LAKES,5,2017,971000
TAYLORS LAKES,6,2017,750065.67
TAYLORS LAKES,7,2017,658409.09
TAYLORS LAKES,8,2017,578000
TAYLORS LAKES,9,2017,722714.29
TEMPLESTOWE,5,2017,1783571
TEMPLESTOWE,6,2017,1552300
TEMPLESTOWE,7,2017,1345300
TEMPLESTOWE,8,2017,1604015.39
TEMPLESTOWE,9,2017,1514971.38
TEMPLESTOWE LOWER,4,2016,1115440
TEMPLESTOWE LOWER,5,2016,1087093.69
TEMPLESTOWE LOWER,6,2016,997013.93
TEMPLESTOWE LOWER,7,2016,1289750
TEMPLESTOWE LOWER,8,2016,1115637.18
TEMPLESTOWE LOWER,9,2016,1104582.1
TEMPLESTOWE LOWER,10,2016,945400
TEMPLESTOWE LOWER,11,2016,1234829.41
TEMPLESTOWE LOWER,12,2016,1014106.25
TEMPLESTOWE LOWER,2,2017,923084.83
TEMPLESTOWE LOWER,3,2017,1153133
TEMPLESTOWE LOWER,4,2017,1376511.11
TEMPLESTOWE LOWER,5,2017,1261579.86
TEMPLESTOWE LOWER,6,2017,1139850
TEMPLESTOWE LOWER,7,2017,1305688.63
TEMPLESTOWE LOWER,8,2017,1239328.57
TEMPLESTOWE LOWER,9,2017,1356000
THE BASIN,7,2017,514100
THE BASIN,8,2017,610000
THE BASIN,9,2017,700000
THOMASTOWN,5,2017,656250
THOMASTOWN,6,2017,649083.33
THOMASTOWN,7,2017,607449.25
THOMASTOWN,8,2017,592597
THOMASTOWN,9,2017,614883.2
THORNBURY,2,2016,1225000
THORNBURY,4,2016,883916.67
THORNBURY,5,2016,959115.25
THORNBURY,6,2016,853953.46
THORNBURY,7,2016,1109043
THORNBURY,8,2016,965105.55
THORNBURY,9,2016,917993.8
THORNBURY,10,2016,1043400
THORNBURY,11,2016,827994.36
THORNBURY,12,2016,683570.9
THORNBURY,2,2017,1066285.31
THORNBURY,3,2017,1042710.18
THORNBURY,4,2017,989769.23
THORNBURY,5,2017,1085880.71
THORNBURY,6,2017,1100407.65
THORNBURY,7,2017,955500
THORNBURY,8,2017,937437.79
THORNBURY,9,2017,1158339.38
TOORAK,4,2016,2149598.67
TOORAK,5,2016,1709560.82
TOORAK,6,2016,1455156.33
TOORAK,7,2016,894132.67
TOORAK,8,2016,1962745.75
TOORAK,9,2016,1697645.27
TOORAK,10,2016,1960453.42
TOORAK,11,2016,2121475.25
TOORAK,12,2016,2396303.77
TOORAK,2,2017,1742705.13
TOORAK,3,2017,2158995
TOORAK,4,2017,1290700
TOORAK,5,2017,2394683.5
TOORAK,6,2017,1860310.22
TOORAK,7,2017,1258450.57
TOORAK,8,2017,1530004.36
TOORAK,9,2017,1935186.74
TRAVANCORE,5,2016,1027500
TRAVANCORE,6,2016,752833.33
TRAVANCORE,8,2016,1257000
TRAVANCORE,10,2016,1562000
TRAVANCORE,11,2016,1184958.5
TRAVANCORE,12,2016,503000
TRAVANCORE,5,2017,360000
TRAVANCORE,6,2017,856000
TRAVANCORE,7,2017,341500
TRAVANCORE,8,2017,2070000
TRUGANINA,5,2017,461500
TRUGANINA,6,2017,587667
TRUGANINA,7,2017,452175
TRUGANINA,8,2017,579000
TRUGANINA,9,2017,545668.33
TULLAMARINE,5,2017,625000
TULLAMARINE,6,2017,355000
TULLAMARINE,7,2017,603978.6
TULLAMARINE,8,2017,516071.43
TULLAMARINE,9,2017,604375
VERMONT,5,2017,1163792
VERMONT,6,2017,1068200
VERMONT,7,2017,1005500
VERMONT,8,2017,999450
VERMONT,9,2017,948577.83
VERMONT SOUTH,5,2017,1243300
VERMONT SOUTH,6,2017,1253285.71
VERMONT SOUTH,7,2017,1269533.33
VERMONT SOUTH,8,2017,1130041.63
VERMONT SOUTH,9,2017,1123750
VIEWBANK,5,2016,879798.67
VIEWBANK,6,2016,832700
VIEWBANK,7,2016,875666.67
VIEWBANK,8,2016,912005.75
VIEWBANK,9,2016,981500
VIEWBANK,11,2016,957914.14
VIEWBANK,12,2016,825448.33
VIEWBANK,2,2017,915000
VIEWBANK,3,2017,1000125
VIEWBANK,4,2017,1056007.67
VIEWBANK,5,2017,980394.5
VIEWBANK,6,2017,953804.6
VIEWBANK,7,2017,967938
VIEWBANK,8,2017,1272737.6
VIEWBANK,9,2017,1075394.5
WALLAN,6,2017,366000
WALLAN,8,2017,366000
WALLAN,9,2017,366000
WANTIRNA,5,2017,805000
WANTIRNA,6,2017,978300
WANTIRNA,7,2017,919541.67
WANTIRNA,8,2017,1034766.67
WANTIRNA,9,2017,930000
WANTIRNA SOUTH,6,2017,1269250
WANTIRNA SOUTH,7,2017,881000
WANTIRNA SOUTH,8,2017,1134200
WANTIRNA SOUTH,9,2017,1211396.86
WARRANDYTE,5,2017,1050000
WARRANDYTE,6,2017,1025000
WARRANDYTE,7,2017,1028000
WARRANDYTE,8,2017,1600000
WARRANDYTE,9,2017,1150000
WATERWAYS,7,2017,1265000
WATERWAYS,9,2017,1232000
WATSONIA,4,2016,762500
WATSONIA,5,2016,688423
WATSONIA,6,2016,637500
WATSONIA,7,2016,855793.5
WATSONIA,8,2016,714333.33
WATSONIA,9,2016,713000
WATSONIA,10,2016,738915
WATSONIA,11,2016,656279
WATSONIA,12,2016,632000
WATSONIA,2,2017,632000
WATSONIA,3,2017,892500
WATSONIA,4,2017,822166.67
WATSONIA,5,2017,912793.5
WATSONIA,6,2017,891666.67
WATSONIA,7,2017,725000
WATSONIA,8,2017,740792.25
WATSONIA,9,2017,786750
WATSONIA NORTH,5,2017,716333.33
WATSONIA NORTH,6,2017,747955.25
WATSONIA NORTH,7,2017,780250
WATSONIA NORTH,8,2017,740571
WATSONIA NORTH,9,2017,920000
WERRIBEE,5,2017,499591.25
WERRIBEE,6,2017,505958.33
WERRIBEE,7,2017,527441
WERRIBEE,8,2017,533797.08
WERRIBEE,9,2017,520248.95
WEST FOOTSCRAY,2,2016,1415000
WEST FOOTSCRAY,5,2016,611816.09
WEST FOOTSCRAY,6,2016,769595.5
WEST FOOTSCRAY,7,2016,885480.33
WEST FOOTSCRAY,8,2016,717345.5
WEST FOOTSCRAY,9,2016,737580.83
WEST FOOTSCRAY,10,2016,764483.56
WEST FOOTSCRAY,11,2016,711310.64
WEST FOOTSCRAY,12,2016,840681.75
WEST FOOTSCRAY,2,2017,662377.57
WEST FOOTSCRAY,3,2017,675489.63
WEST FOOTSCRAY,4,2017,745786.43
WEST FOOTSCRAY,5,2017,781800
WEST FOOTSCRAY,6,2017,836800
WEST FOOTSCRAY,7,2017,762926.92
WEST FOOTSCRAY,8,2017,891812.5
WEST FOOTSCRAY,9,2017,757404.92
WEST MELBOURNE,5,2016,873000
WEST MELBOURNE,6,2016,1073000
WEST MELBOURNE,7,2016,541500
WEST MELBOURNE,8,2016,1031470.5
WEST MELBOURNE,9,2016,771000
WEST MELBOURNE,10,2016,1158970.5
WEST MELBOURNE,11,2016,836000
WEST MELBOURNE,12,2016,956470.5
WEST MELBOURNE,2,2017,901000
WEST MELBOURNE,3,2017,889000
WEST MELBOURNE,4,2017,674000
WEST MELBOURNE,5,2017,982242.63
WEST MELBOURNE,6,2017,1081000
WEST MELBOURNE,7,2017,944588.2
WEST MELBOURNE,9,2017,1384492.63
WESTMEADOWS,5,2017,485833.5
WESTMEADOWS,6,2017,545000
WESTMEADOWS,7,2017,645208.29
WESTMEADOWS,8,2017,682750
WESTMEADOWS,9,2017,533452.43
WHEELERS HILL,5,2017,1170723.2
WHEELERS HILL,6,2017,1247622.75
WHEELERS HILL,7,2017,1286840.38
WHEELERS HILL,8,2017,1244301.46
WHEELERS HILL,9,2017,1289842.69
WHITTLESEA,7,2017,601000
WHITTLESEA,8,2017,440000
WILLIAMS LANDING,9,2017,555000
WILLIAMSTOWN,4,2016,1208490
WILLIAMSTOWN,5,2016,1007464.7
WILLIAMSTOWN,6,2016,1527437.5
WILLIAMSTOWN,7,2016,1530957.33
WILLIAMSTOWN,8,2016,1385036.75
WILLIAMSTOWN,9,2016,1078419.23
WILLIAMSTOWN,10,2016,1157000
WILLIAMSTOWN,11,2016,1359675.56
WILLIAMSTOWN,12,2016,1141430.43
WILLIAMSTOWN,2,2017,1238934.17
WILLIAMSTOWN,3,2017,1828888.89
WILLIAMSTOWN,4,2017,1075888.89
WILLIAMSTOWN,5,2017,1382037.5
WILLIAMSTOWN,6,2017,1609908.33
WILLIAMSTOWN,7,2017,1163383.33
WILLIAMSTOWN,8,2017,1678916.67
WILLIAMSTOWN,9,2017,1046445.38
WILLIAMSTOWN NORTH,4,2016,600000
WILLIAMSTOWN NORTH,6,2016,380000
WILLIAMSTOWN NORTH,8,2016,881000
WILLIAMSTOWN NORTH,9,2016,433750
WILLIAMSTOWN NORTH,10,2016,905000
WILLIAMSTOWN NORTH,11,2016,1332500
WILLIAMSTOWN NORTH,12,2016,969666.67
WILLIAMSTOWN NORTH,3,2017,460000
WILLIAMSTOWN NORTH,4,2017,901200
WILLIAMSTOWN NORTH,5,2017,1169250
WILLIAMSTOWN NORTH,9,2017,1300000
WINDSOR,4,2016,804691
WINDSOR,5,2016,855711.46
WINDSOR,6,2016,1442050
WINDSOR,7,2016,512250
WINDSOR,8,2016,946507.38
WINDSOR,9,2016,1070853
WINDSOR,10,2016,808687.5
WINDSOR,11,2016,1251679.78
WINDSOR,12,2016,1036125
WINDSOR,2,2017,888500
WINDSOR,3,2017,1443075.55
WINDSOR,4,2017,672250
WINDSOR,5,2017,747345.5
WINDSOR,6,2017,1137938.2
WINDSOR,7,2017,751553.25
WINDSOR,8,2017,642500
WINDSOR,9,2017,1352075
WOLLERT,5,2017,595000
WOLLERT,6,2017,546000
WOLLERT,7,2017,525641.63
WOLLERT,8,2017,493477.67
WOLLERT,9,2017,580666.67
WYNDHAM VALE,6,2017,564406.33
WYNDHAM VALE,7,2017,501827.25
WYNDHAM VALE,8,2017,561929.29
WYNDHAM VALE,9,2017,518700
YALLAMBIE,4,2016,880396
YALLAMBIE,5,2016,774000
YALLAMBIE,6,2016,731000
YALLAMBIE,7,2016,888000
YALLAMBIE,8,2016,664500
YALLAMBIE,9,2016,723849
YALLAMBIE,10,2016,847500
YALLAMBIE,11,2016,738600
YALLAMBIE,12,2016,760000
YALLAMBIE,2,2017,736500
YALLAMBIE,3,2017,854000
YALLAMBIE,4,2017,926161.5
YALLAMBIE,5,2017,838250
YALLAMBIE,6,2017,1174000
YALLAMBIE,7,2017,748402
YALLAMBIE,8,2017,1062500
YALLAMBIE,9,2017,857000
YARRA GLEN,7,2017,620000
YARRAVILLE,2,2016,890000
YARRAVILLE,4,2016,796916.67
YARRAVILLE,5,2016,998836.8
YARRAVILLE,6,2016,872197.2
YARRAVILLE,7,2016,1060922.57
YARRAVILLE,8,2016,785154.08
YARRAVILLE,9,2016,926936.93
YARRAVILLE,10,2016,1160879.25
YARRAVILLE,11,2016,1079489.88
YARRAVILLE,12,2016,975690.54
YARRAVILLE,2,2017,962121.91
YARRAVILLE,3,2017,1003441.18
YARRAVILLE,4,2017,1080238.64
YARRAVILLE,5,2017,865084.1
YARRAVILLE,6,2017,1091127.88
YARRAVILLE,7,2017,1090911.77
YARRAVILLE,8,2017,974167.63
YARRAVILLE,9,2017,979218.61
