{
  "$schema": "https://vega.github.io/schema/vega-lite/v5.json",
  "width": 400,
  "height": 300,
  "title": "Suicide Cases per Country",
  "data": {
    "url": "https://raw.githubusercontent.com/zolyn17/FIT3179/main/CSV/bubble_data_world_suicide.csv"
  },
  "params": [
    {
      "name": "Population_Above",
      "value": 0,
      "bind": {
        "input": "range",
        "min": 0,
        "max": 100000000,
        "step": 1000,
        "name": "Minimum Population: "
      }
    },
    {
      "name": "Continent_selection",
      "bind": {
        "input": "select",
        "options": [
          null,
          "North America",
          "South America",
          "Europe",
          "Africa",
          "Asia",
          "Oceania"
        ],
        "labels": [
          "All Continents",
          "North America",
          "South America",
          "Europe",
          "Africa",
          "Asia",
          "Oceania"
        ],
        "name": "Continent Selection: "
      }
    }
  ],
  "transform": [
    {"filter": "datum.GDP > 0"},
    {"filter": "datum.Suicides > 0"},
    {"filter": "datum.Population > Population_Above"},
    {
      "filter": "Continent_selection == null || datum.Continent == Continent_selection"
    },
    {
      "calculate": "datum.Suicides/datum.Population * 10000",
      "as": "Cases per 10,000 Population"
    }
  ],
  "encoding": {
    "x": {
      "field": "Suicides",
      "type": "quantitative",
      "title": "Suicides Cases",
      "axis": {"tickCount": 7},
      "scale": {"type": "log", "domain": [1, 10000000]}
    },
    "y": {
      "field": "GDP",
      "type": "quantitative",
      "title": "GDP Per Capita",
      "axis": {"tickCount": 6},
      "scale": {"type": "log", "domain": [1, 100000000]}
    }
  },
  "layer": [
    {
      "selection": {
        "continent_highlight": {
          "type": "multi",
          "fields": ["Continent"],
          "bind": "legend"
        }
      },
      "mark": "circle",
      "encoding": {
        "size": {
          "field": "Population",
          "type": "quantitative",
          "scale": {
            "type": "threshold",
            "domain": [1000000, 10000000, 50000000, 100000000, 500000000],
            "range": [10, 50, 150, 200, 300, 400]
          },
          "legend": {"format": ".1s"}
        },
        "color": {
          "field": "Continent",
          "type": "nominal",
          "scale": {
            "domain": [
              "North America",
              "South America",
              "Europe",
              "Africa",
              "Asia",
              "Oceania"
            ],
            "range": [
              "#e41a1c",
              "#984ea3",
              "#ff7f00",
              "#a6cee3",
              "#377eb8",
              "#a65628"
            ]
          }
        },
        "opacity": {
          "condition": {"selection": "continent_highlight", "value": 0.6},
          "value": 0.2
        },
        "tooltip": [
          {"field": "Country", "type": "nominal"},
          {"field": "Suicides", "type": "quantitative", "format": ","},
          {"field": "GDP", "type": "quantitative", "format": ","},
          {
            "field": "Cases per 10,000 Population",
            "type": "quantitative",
            "format": ".2f"
          }
        ]
      }
    },
    {
      "mark": {
        "type": "text",
        "align": "right",
        "baseline": "middle",
        "dx": -12,
        "fontSize": 11.5,
        "fontStyle": "italic"
      },
      "encoding": {
        "text": {"field": "Country", "type": "nominal"},
        "color": {"value": "black"},
        "opacity": {
          "condition": {
            "test": "datum['Country'] == 'China' || datum['Country'] == 'Singapore' || datum['Country'] == 'Australia' || datum['Country'] == 'New Zealand' || datum['Country'] == 'Italy' || datum['Country'] == 'Yemen' ||  datum['Country'] == 'United States'",
            "value": 1
          },
          "value": 0
        },
        "tooltip": [
          {"field": "Country", "type": "nominal"},
          {"field": "Suicides", "type": "quantitative", "format": ","},
          {"field": "GDP", "type": "quantitative", "format": ","},
          {"field": "Population", "type": "quantitative", "format": ","},
          {
            "field": "Cases per 10,000 Population",
            "type": "quantitative",
            "format": ".2f"
          }
        ]
      }
    }
  ],
  "config": {}
}