{
  "$schema": "https://vega.github.io/schema/vega-lite/v5.json",
  "title": "World Suicide Cases Per 100000 Population",
  "width": 720,
  "height": 350,
  "data": {
    "url": "https://raw.githubusercontent.com/KaneSec/vega_lite/main/3_choropleth_map/js/ne_110m_admin_0_countries.topojson",
    "format": {"type": "topojson", "feature": "ne_110m_admin_0_countries"}
  },
  "projection": {"type": "equalEarth"},
  "layer": [
    {
      "transform": [
        {
          "calculate": "'Data is not available in ' + datum.properties.NAME",
          "as": "note"
        }
      ],
      "mark": {"type": "geoshape", "fill": "lightgray", "stroke": "white"},
      "encoding": {"tooltip": {"field": "note"}}
    },
    {
      "transform": [
        {
          "lookup": "properties.NAME",
          "from": {
            "data": {
              "url": "https://raw.githubusercontent.com/zolyn17/FIT3179/main/CSV/Map_data_world_suicide.csv"
            },
            "key": "Country",
            "fields": ["Suicides", "Population"]
          }
        },
        {
          "calculate": "datum.Suicides/datum.Population * 100000",
          "as": "Suicide Cases Per 100000 Population"
        }
      ],
      "mark": {"type": "geoshape", "stroke": "white"},
      "encoding": {
        "color": {
          "field": "Suicides",
          "type": "quantitative",
          "scale": {
            "type": "threshold",
            "domain": [10000, 100000, 1000000],
            "range": ["#fdbe85", "#fd8d3c", "#e6550d", "#a63603"]
          }
        },
        "tooltip": [
          {"field": "properties.NAME", "type": "nominal", "title": "Country"},
          {"field": "Suicides", "type": "quantitative"},
          {"field": "Population", "type": "quantitative"},
          {
            "field": "Suicide Cases Per 100000 Population",
            "type": "quantitative"
          }
        ]
      }
    }
  ],
  "config": {}
}