{
  "$schema": "https://vega.github.io/schema/vega-lite/v5.json",
  "title": "Percentage of Suicides Cases by Generation",
  "width": 300,
  "height": 300,
  "data": {
    "url": "https://raw.githubusercontent.com/zolyn17/FIT3179/main/CSV/WaffleChart.csv"
  },
  "layer": [
    {
      "mark": {"type": "square", "size": 500},
      "encoding": {
        "x": {"field": "Column", "type": "quantitative", "axis": null},
        "y": {"field": "Row", "type": "quantitative", "axis": null},
        "color": {
          "field": "Category",
          "type": "nominal",
          "scale": {
            "type": "ordinal",
            "domain": ["Boomers", "Silent", "Generation X", "Others"],
            "range": ["#0E1D35", "#966A2C", "#8F887F", "#cb8b72", "#d3c7b1"]
          },
          "legend": {
            "labelFont": "sans-serif",
            "titleFont": "sans-serif",
            "title": "Generation"
          }
        },
        "tooltip": [{"field": "Category"}]
      }
    }
  ],
  "config": {"style": {"cell": {"stroke": "transparent"}}}
}