[
 {
   "id": 3,
   "Entity": "Brown coal",
   "Year": 2014,
   "Deaths per twh": 32.72
 },
 {
   "id": 4,
   "Entity": "Coal",
   "Year": 2014,
   "Deaths per twh": 24.62
 },
 {
   "id": 8,
   "Entity": "Oil",
   "Year": 2014,
   "Deaths per twh": 18.43
 },
 {
   "id": 2,
   "Entity": "Biomass",
   "Year": 2014,
   "Deaths per twh": 4.63
 },
 {
   "id": 5,
   "Entity": "Gas",
   "Year": 2014,
   "Deaths per twh": 2.821
 },
 {
   "id": 7,
   "Entity": "Nuclear",
   "Year": 2014,
   "Deaths per twh": 0.071
 },
 {
   "id": 10,
   "Entity": "Wind",
   "Year": 2014,
   "Deaths per twh": 0.035
 },
 {
   "id": 6,
   "Entity": "Hydropower",
   "Year": 2014,
   "Deaths per twh": 0.0235
 },
 {
   "id": 9,
   "Entity": "Solar",
   "Year": 2014,
   "Deaths per twh": 0.019
 },
 {
   "id": 1,
   "Entity": "Biofuels",
   "Year": 2014,
   "Deaths per twh": 0.0048
 }
]